"date","rank","ticker","name","title","cusip","shares","market_value","weight_pct","source_url"
"2019-12-31","1","AAPL","Apple Inc","Apple Inc","037833100","47993721","14093356171.65","4.584777","https://www.sec.gov/Archives/edgar/data/884394/000175272420042737/xslFormNPORT-P_X01/primary_doc.xml"
"2019-12-31","2","MSFT","Microsoft Corp","Microsoft Corp","594918104","87661991","13824295980.7","4.497248","https://www.sec.gov/Archives/edgar/data/884394/000175272420042737/xslFormNPORT-P_X01/primary_doc.xml"
"2019-12-31","3","AMZN","Amazon.com Inc","Amazon.com Inc","023135106","4785884","8843547890.56","2.876937","https://www.sec.gov/Archives/edgar/data/884394/000175272420042737/xslFormNPORT-P_X01/primary_doc.xml"
"2019-12-31","4","META","Facebook Inc","Facebook Inc","30303M102","27652553","5675686503.25","1.846385","https://www.sec.gov/Archives/edgar/data/884394/000175272420042737/xslFormNPORT-P_X01/primary_doc.xml"
"2019-12-31","5","BRK.B","Berkshire Hathaway Inc","Berkshire Hathaway Inc","084670702","22476742","5090982063","1.656172","https://www.sec.gov/Archives/edgar/data/884394/000175272420042737/xslFormNPORT-P_X01/primary_doc.xml"
"2019-12-31","6","JPM","JPMorgan Chase & Co","JPMorgan Chase & Co","46625H100","36040961","5024109963.4","1.634417","https://www.sec.gov/Archives/edgar/data/884394/000175272420042737/xslFormNPORT-P_X01/primary_doc.xml"
"2019-12-31","7","GOOGL","Alphabet Inc","Alphabet Inc","02079K305","3442755","4611191619.45","1.500089","https://www.sec.gov/Archives/edgar/data/884394/000175272420042737/xslFormNPORT-P_X01/primary_doc.xml"
"2019-12-31","8","GOOG","Alphabet Inc","Alphabet Inc","02079K107","3434632","4592171676.64","1.493901","https://www.sec.gov/Archives/edgar/data/884394/000175272420042737/xslFormNPORT-P_X01/primary_doc.xml"
"2019-12-31","9","JNJ","Johnson & Johnson","Johnson & Johnson","478160104","30242921","4411534886.27","1.435137","https://www.sec.gov/Archives/edgar/data/884394/000175272420042737/xslFormNPORT-P_X01/primary_doc.xml"
"2019-12-31","10","V","Visa Inc","Visa Inc","92826C839","19670563","3696098787.7","1.202396","https://www.sec.gov/Archives/edgar/data/884394/000175272420042737/xslFormNPORT-P_X01/primary_doc.xml"
"2019-12-31","11","PG","Procter & Gamble Co/The","Procter & Gamble Co/The","742718109","28647786","3578108471.4","1.164012","https://www.sec.gov/Archives/edgar/data/884394/000175272420042737/xslFormNPORT-P_X01/primary_doc.xml"
"2019-12-31","12","XOM","Exxon Mobil Corp","Exxon Mobil Corp","30231G102","48619495","3392668361.1","1.103685","https://www.sec.gov/Archives/edgar/data/884394/000175272420042737/xslFormNPORT-P_X01/primary_doc.xml"
"2019-12-31","13","T","AT&T Inc","AT&T Inc","00206R102","83941850","3280447498","1.067178","https://www.sec.gov/Archives/edgar/data/884394/000175272420042737/xslFormNPORT-P_X01/primary_doc.xml"
"2019-12-31","14","BAC","Bank of America Corp","Bank of America Corp","060505104","93025885","3276371669.7","1.065852","https://www.sec.gov/Archives/edgar/data/884394/000175272420042737/xslFormNPORT-P_X01/primary_doc.xml"
"2019-12-31","15","UNH","UnitedHealth Group Inc","UnitedHealth Group Inc","91324P102","10886672","3200463834.56","1.041158","https://www.sec.gov/Archives/edgar/data/884394/000175272420042737/xslFormNPORT-P_X01/primary_doc.xml"
"2020-06-30","1","MSFT","Microsoft Corp","Microsoft Corp","594918104","81236679","16532476543.29","6.02381","https://www.sec.gov/Archives/edgar/data/884394/000175272420177260/xslFormNPORT-P_X01/primary_doc.xml"
"2020-06-30","2","AAPL","Apple Inc","Apple Inc","037833100","43636194","15918483571.2","5.800094","https://www.sec.gov/Archives/edgar/data/884394/000175272420177260/xslFormNPORT-P_X01/primary_doc.xml"
"2020-06-30","3","AMZN","Amazon.com Inc","Amazon.com Inc","023135106","4488612","12383272557.84","4.511997","https://www.sec.gov/Archives/edgar/data/884394/000175272420177260/xslFormNPORT-P_X01/primary_doc.xml"
"2020-06-30","4","META","Facebook Inc","Facebook Inc","30303M102","25760789","5849502358.23","2.131338","https://www.sec.gov/Archives/edgar/data/884394/000175272420177260/xslFormNPORT-P_X01/primary_doc.xml"
"2020-06-30","5","GOOGL","Alphabet Inc","Alphabet Inc","02079K305","3214509","4558334487.45","1.660885","https://www.sec.gov/Archives/edgar/data/884394/000175272420177260/xslFormNPORT-P_X01/primary_doc.xml"
"2020-06-30","6","GOOG","Alphabet Inc","Alphabet Inc","02079K107","3133148","4429049344.28","1.613778","https://www.sec.gov/Archives/edgar/data/884394/000175272420177260/xslFormNPORT-P_X01/primary_doc.xml"
"2020-06-30","7","JNJ","Johnson & Johnson","Johnson & Johnson","478160104","28225332","3969328439.16","1.446273","https://www.sec.gov/Archives/edgar/data/884394/000175272420177260/xslFormNPORT-P_X01/primary_doc.xml"
"2020-06-30","8","BRK.B","Berkshire Hathaway Inc","Berkshire Hathaway Inc","084670702","20829216","3718223348.16","1.35478","https://www.sec.gov/Archives/edgar/data/884394/000175272420177260/xslFormNPORT-P_X01/primary_doc.xml"
"2020-06-30","9","V","Visa Inc","Visa Inc","92826C839","18074511","3491453289.87","1.272154","https://www.sec.gov/Archives/edgar/data/884394/000175272420177260/xslFormNPORT-P_X01/primary_doc.xml"
"2020-06-30","10","PG","Procter & Gamble Co/The","Procter & Gamble Co/The","742718109","26514518","3170340917.26","1.155153","https://www.sec.gov/Archives/edgar/data/884394/000175272420177260/xslFormNPORT-P_X01/primary_doc.xml"
"2020-06-30","11","JPM","JPMorgan Chase & Co","JPMorgan Chase & Co","46625H100","32643671","3070463694.26","1.118761","https://www.sec.gov/Archives/edgar/data/884394/000175272420177260/xslFormNPORT-P_X01/primary_doc.xml"
"2020-06-30","12","UNH","UnitedHealth Group Inc","UnitedHealth Group Inc","91324P102","10160335","2996790808.25","1.091917","https://www.sec.gov/Archives/edgar/data/884394/000175272420177260/xslFormNPORT-P_X01/primary_doc.xml"
"2020-06-30","13","HD","Home Depot Inc/The","Home Depot Inc/The","437076102","11522418","2886480933.18","1.051725","https://www.sec.gov/Archives/edgar/data/884394/000175272420177260/xslFormNPORT-P_X01/primary_doc.xml"
"2020-06-30","14","MA","Mastercard Inc","Mastercard Inc","57636Q104","9453120","2795287584","1.018497","https://www.sec.gov/Archives/edgar/data/884394/000175272420177260/xslFormNPORT-P_X01/primary_doc.xml"
"2020-06-30","15","INTC","Intel Corp","Intel Corp","458140100","45360260","2713904355.8","0.988844","https://www.sec.gov/Archives/edgar/data/884394/000175272420177260/xslFormNPORT-P_X01/primary_doc.xml"
"2020-12-31","1","AAPL","Apple Inc","Apple Inc","037833100","166115993","22041931111.17","6.69917","https://www.sec.gov/Archives/edgar/data/884394/000175272421043869/xslFormNPORT-P_X01/primary_doc.xml"
"2020-12-31","2","MSFT","Microsoft Corp","Microsoft Corp","594918104","78584894","17478852123.48","5.31232","https://www.sec.gov/Archives/edgar/data/884394/000175272421043869/xslFormNPORT-P_X01/primary_doc.xml"
"2020-12-31","3","AMZN","Amazon.com Inc","Amazon.com Inc","023135106","4433004","14437983717.72","4.388114","https://www.sec.gov/Archives/edgar/data/884394/000175272421043869/xslFormNPORT-P_X01/primary_doc.xml"
"2020-12-31","4","META","Facebook Inc","Facebook Inc","30303M102","24987296","6825529775.36","2.074473","https://www.sec.gov/Archives/edgar/data/884394/000175272421043869/xslFormNPORT-P_X01/primary_doc.xml"
"2020-12-31","5","TSLA","Tesla Inc","Tesla Inc","88160R101","7882121","5562176326.07","1.690504","https://www.sec.gov/Archives/edgar/data/884394/000175272421043869/xslFormNPORT-P_X01/primary_doc.xml"
"2020-12-31","6","GOOGL","Alphabet Inc","Alphabet Inc","02079K305","3124879","5476787930.56","1.664552","https://www.sec.gov/Archives/edgar/data/884394/000175272421043869/xslFormNPORT-P_X01/primary_doc.xml"
"2020-12-31","7","GOOG","Alphabet Inc","Alphabet Inc","02079K107","3017202","5285775839.76","1.606498","https://www.sec.gov/Archives/edgar/data/884394/000175272421043869/xslFormNPORT-P_X01/primary_doc.xml"
"2020-12-31","8","BRK.B","Berkshire Hathaway Inc","Berkshire Hathaway Inc","084670702","20228291","4690333834.17","1.425526","https://www.sec.gov/Archives/edgar/data/884394/000175272421043869/xslFormNPORT-P_X01/primary_doc.xml"
"2020-12-31","9","JNJ","Johnson & Johnson","Johnson & Johnson","478160104","27362965","4306383431.7","1.308832","https://www.sec.gov/Archives/edgar/data/884394/000175272421043869/xslFormNPORT-P_X01/primary_doc.xml"
"2020-12-31","10","JPM","JPMorgan Chase & Co","JPMorgan Chase & Co","46625H100","31683488","4026020820.16","1.223622","https://www.sec.gov/Archives/edgar/data/884394/000175272421043869/xslFormNPORT-P_X01/primary_doc.xml"
"2020-12-31","11","V","Visa Inc","Visa Inc","92826C839","17625072","3855131998.56","1.171684","https://www.sec.gov/Archives/edgar/data/884394/000175272421043869/xslFormNPORT-P_X01/primary_doc.xml"
"2020-12-31","12","PG","Procter & Gamble Co/The","Procter & Gamble Co/The","742718109","25773378","3586107814.92","1.08992","https://www.sec.gov/Archives/edgar/data/884394/000175272421043869/xslFormNPORT-P_X01/primary_doc.xml"
"2020-12-31","13","UNH","UnitedHealth Group Inc","UnitedHealth Group Inc","91324P102","9862137","3458454203.16","1.051123","https://www.sec.gov/Archives/edgar/data/884394/000175272421043869/xslFormNPORT-P_X01/primary_doc.xml"
"2020-12-31","14","DIS","Walt Disney Co/The","Walt Disney Co/The","254687106","18818371","3409512457.78","1.036248","https://www.sec.gov/Archives/edgar/data/884394/000175272421043869/xslFormNPORT-P_X01/primary_doc.xml"
"2020-12-31","15","NVDA","NVIDIA Corp","NVIDIA Corp","67066G104","6433938","3359802423.6","1.021139","https://www.sec.gov/Archives/edgar/data/884394/000175272421043869/xslFormNPORT-P_X01/primary_doc.xml"
"2021-06-30","1","AAPL","Apple Inc","Apple Inc","037833100","161505783","22119832039.68","5.913898","https://www.sec.gov/Archives/edgar/data/884394/000175272421189808/xslFormNPORT-P_X01/primary_doc.xml"
"2021-06-30","2","MSFT","Microsoft Corp","Microsoft Corp","594918104","77544560","21006821304","5.616327","https://www.sec.gov/Archives/edgar/data/884394/000175272421189808/xslFormNPORT-P_X01/primary_doc.xml"
"2021-06-30","3","AMZN","Amazon.com Inc","Amazon.com Inc","023135106","4413783","15184119725.28","4.059585","https://www.sec.gov/Archives/edgar/data/884394/000175272421189808/xslFormNPORT-P_X01/primary_doc.xml"
"2021-06-30","4","META","Facebook Inc","Facebook Inc","30303M102","24669581","8577860009.51","2.293353","https://www.sec.gov/Archives/edgar/data/884394/000175272421189808/xslFormNPORT-P_X01/primary_doc.xml"
"2021-06-30","5","GOOGL","Alphabet Inc","Alphabet Inc","02079K305","3096378","7560704836.62","2.02141","https://www.sec.gov/Archives/edgar/data/884394/000175272421189808/xslFormNPORT-P_X01/primary_doc.xml"
"2021-06-30","6","GOOG","Alphabet Inc","Alphabet Inc","02079K107","2931806","7348044013.92","1.964553","https://www.sec.gov/Archives/edgar/data/884394/000175272421189808/xslFormNPORT-P_X01/primary_doc.xml"
"2021-06-30","7","BRK.B","Berkshire Hathaway Inc","Berkshire Hathaway Inc","084670702","19514454","5423457055.68","1.450001","https://www.sec.gov/Archives/edgar/data/884394/000175272421189808/xslFormNPORT-P_X01/primary_doc.xml"
"2021-06-30","8","TSLA","Tesla Inc","Tesla Inc","88160R101","7934711","5393223066.7","1.441917","https://www.sec.gov/Archives/edgar/data/884394/000175272421189808/xslFormNPORT-P_X01/primary_doc.xml"
"2021-06-30","9","NVDA","NVIDIA Corp","NVIDIA Corp","67066G104","6414353","5132123835.3","1.372111","https://www.sec.gov/Archives/edgar/data/884394/000175272421189808/xslFormNPORT-P_X01/primary_doc.xml"
"2021-06-30","10","JPM","JPMorgan Chase & Co","JPMorgan Chase & Co","46625H100","31167174","4847742243.96","1.296079","https://www.sec.gov/Archives/edgar/data/884394/000175272421189808/xslFormNPORT-P_X01/primary_doc.xml"
"2021-06-30","11","JNJ","Johnson & Johnson","Johnson & Johnson","478160104","27113354","4466653937.96","1.194192","https://www.sec.gov/Archives/edgar/data/884394/000175272421189808/xslFormNPORT-P_X01/primary_doc.xml"
"2021-06-30","12","V","Visa Inc","Visa Inc","92826C839","17432735","4076122097.7","1.089781","https://www.sec.gov/Archives/edgar/data/884394/000175272421189808/xslFormNPORT-P_X01/primary_doc.xml"
"2021-06-30","13","UNH","UnitedHealth Group Inc","UnitedHealth Group Inc","91324P102","9716132","3890727898.08","1.040214","https://www.sec.gov/Archives/edgar/data/884394/000175272421189808/xslFormNPORT-P_X01/primary_doc.xml"
"2021-06-30","14",,"PayPal Holdings Inc","PayPal Holdings Inc","70450Y103","12094865","3525411250.2","0.942544","https://www.sec.gov/Archives/edgar/data/884394/000175272421189808/xslFormNPORT-P_X01/primary_doc.xml"
"2021-06-30","15","HD","Home Depot Inc/The","Home Depot Inc/The","437076102","10947092","3490918167.88","0.933322","https://www.sec.gov/Archives/edgar/data/884394/000175272421189808/xslFormNPORT-P_X01/primary_doc.xml"
"2021-12-31","1","AAPL","Apple Inc","Apple Inc","037833100","175843746","31224573977.22","6.859215","https://www.sec.gov/Archives/edgar/data/884394/000175272422048845/xslFormNPORT-P_X01/primary_doc.xml"
"2021-12-31","2","MSFT","Microsoft Corp","Microsoft Corp","594918104","84708170","28489051734.4","6.258293","https://www.sec.gov/Archives/edgar/data/884394/000175272422048845/xslFormNPORT-P_X01/primary_doc.xml"
"2021-12-31","3","AMZN","Amazon.com Inc","Amazon.com Inc","023135106","4921024","16408367164.16","3.604486","https://www.sec.gov/Archives/edgar/data/884394/000175272422048845/xslFormNPORT-P_X01/primary_doc.xml"
"2021-12-31","4","GOOGL","Alphabet Inc","Alphabet Inc","02079K305","3393858","9832142380.32","2.159862","https://www.sec.gov/Archives/edgar/data/884394/000175272422048845/xslFormNPORT-P_X01/primary_doc.xml"
"2021-12-31","5","TSLA","Tesla Inc","Tesla Inc","88160R101","9177630","9698735831.4","2.130556","https://www.sec.gov/Archives/edgar/data/884394/000175272422048845/xslFormNPORT-P_X01/primary_doc.xml"
"2021-12-31","6","GOOG","Alphabet Inc","Alphabet Inc","02079K107","3154414","9127580806.26","2.005089","https://www.sec.gov/Archives/edgar/data/884394/000175272422048845/xslFormNPORT-P_X01/primary_doc.xml"
"2021-12-31","7","META","Meta Platforms Inc","Meta Platforms Inc","30303M102","26696649","8979417891.15","1.972541","https://www.sec.gov/Archives/edgar/data/884394/000175272422048845/xslFormNPORT-P_X01/primary_doc.xml"
"2021-12-31","8","NVDA","NVIDIA Corp","NVIDIA Corp","67066G104","28206767","8295892242.37","1.822389","https://www.sec.gov/Archives/edgar/data/884394/000175272422048845/xslFormNPORT-P_X01/primary_doc.xml"
"2021-12-31","9","BRK.B","Berkshire Hathaway Inc","Berkshire Hathaway Inc","084670702","20661280","6177722720","1.357083","https://www.sec.gov/Archives/edgar/data/884394/000175272422048845/xslFormNPORT-P_X01/primary_doc.xml"
"2021-12-31","10","UNH","UnitedHealth Group Inc","UnitedHealth Group Inc","91324P102","10626368","5335924427.52","1.172162","https://www.sec.gov/Archives/edgar/data/884394/000175272422048845/xslFormNPORT-P_X01/primary_doc.xml"
"2021-12-31","11","JPM","JPMorgan Chase & Co","JPMorgan Chase & Co","46625H100","33340930","5279536265.5","1.159775","https://www.sec.gov/Archives/edgar/data/884394/000175272422048845/xslFormNPORT-P_X01/primary_doc.xml"
"2021-12-31","12","JNJ","Johnson & Johnson","Johnson & Johnson","478160104","29702331","5081177764.17","1.116201","https://www.sec.gov/Archives/edgar/data/884394/000175272422048845/xslFormNPORT-P_X01/primary_doc.xml"
"2021-12-31","13","HD","Home Depot Inc/The","Home Depot Inc/The","437076102","11906776","4941431107.76","1.085502","https://www.sec.gov/Archives/edgar/data/884394/000175272422048845/xslFormNPORT-P_X01/primary_doc.xml"
"2021-12-31","14","PG","Procter & Gamble Co/The","Procter & Gamble Co/The","742718109","27312060","4467706774.8","0.981437","https://www.sec.gov/Archives/edgar/data/884394/000175272422048845/xslFormNPORT-P_X01/primary_doc.xml"
"2021-12-31","15","V","Visa Inc","Visa Inc","92826C839","18919962","4100144965.02","0.900694","https://www.sec.gov/Archives/edgar/data/884394/000175272422048845/xslFormNPORT-P_X01/primary_doc.xml"
"2022-06-30","1","AAPL","Apple Inc","Apple Inc","037833100","166927694","22822354323.68","6.587783","https://www.sec.gov/Archives/edgar/data/884394/000175272422196968/xslFormNPORT-P_X01/primary_doc.xml"
"2022-06-30","2","MSFT","Microsoft Corp","Microsoft Corp","594918104","81195647","20853478019.01","6.019457","https://www.sec.gov/Archives/edgar/data/884394/000175272422196968/xslFormNPORT-P_X01/primary_doc.xml"
"2022-06-30","3","AMZN","Amazon.com Inc","Amazon.com Inc","023135106","94993333","10089241897.93","2.912308","https://www.sec.gov/Archives/edgar/data/884394/000175272422196968/xslFormNPORT-P_X01/primary_doc.xml"
"2022-06-30","4","GOOGL","Alphabet Inc","Alphabet Inc","02079K305","3265267","7115865762.42","2.054029","https://www.sec.gov/Archives/edgar/data/884394/000175272422196968/xslFormNPORT-P_X01/primary_doc.xml"
"2022-06-30","5","GOOG","Alphabet Inc","Alphabet Inc","02079K107","2993877","6548956243.65","1.890388","https://www.sec.gov/Archives/edgar/data/884394/000175272422196968/xslFormNPORT-P_X01/primary_doc.xml"
"2022-06-30","6","TSLA","Tesla Inc","Tesla Inc","88160R101","9110333","6135080448.86","1.770921","https://www.sec.gov/Archives/edgar/data/884394/000175272422196968/xslFormNPORT-P_X01/primary_doc.xml"
"2022-06-30","7","BRK.B","Berkshire Hathaway Inc","Berkshire Hathaway Inc","084670702","19641181","5362435236.62","1.547893","https://www.sec.gov/Archives/edgar/data/884394/000175272422196968/xslFormNPORT-P_X01/primary_doc.xml"
"2022-06-30","8","UNH","UnitedHealth Group Inc","UnitedHealth Group Inc","91324P102","10194427","5236163540.01","1.511444","https://www.sec.gov/Archives/edgar/data/884394/000175272422196968/xslFormNPORT-P_X01/primary_doc.xml"
"2022-06-30","9","JNJ","Johnson & Johnson","Johnson & Johnson","478160104","28567678","5071048521.78","1.463783","https://www.sec.gov/Archives/edgar/data/884394/000175272422196968/xslFormNPORT-P_X01/primary_doc.xml"
"2022-06-30","10","NVDA","NVIDIA Corp","NVIDIA Corp","67066G104","27184706","4120929582.54","1.189526","https://www.sec.gov/Archives/edgar/data/884394/000175272422196968/xslFormNPORT-P_X01/primary_doc.xml"
"2022-06-30","11","META","Meta Platforms Inc","Meta Platforms Inc","30303M102","24899379","4015024863.75","1.158956","https://www.sec.gov/Archives/edgar/data/884394/000175272422196968/xslFormNPORT-P_X01/primary_doc.xml"
"2022-06-30","12","XOM","Exxon Mobil Corp","Exxon Mobil Corp","30231G102","45733197","3916590991.08","1.130543","https://www.sec.gov/Archives/edgar/data/884394/000175272422196968/xslFormNPORT-P_X01/primary_doc.xml"
"2022-06-30","13","PG","Procter & Gamble Co/The","Procter & Gamble Co/The","742718109","26047824","3745416612.96","1.081133","https://www.sec.gov/Archives/edgar/data/884394/000175272422196968/xslFormNPORT-P_X01/primary_doc.xml"
"2022-06-30","14","JPM","JPMorgan Chase & Co","JPMorgan Chase & Co","46625H100","31885687","3590647213.07","1.036458","https://www.sec.gov/Archives/edgar/data/884394/000175272422196968/xslFormNPORT-P_X01/primary_doc.xml"
"2022-06-30","15","V","Visa Inc","Visa Inc","92826C839","17866645","3517763734.05","1.015419","https://www.sec.gov/Archives/edgar/data/884394/000175272422196968/xslFormNPORT-P_X01/primary_doc.xml"
"2022-12-31","1","AAPL","Apple Inc","Apple Inc","037833100","165945251","21561266462.43","6.045013","https://www.sec.gov/Archives/edgar/data/884394/000175272423046862/xslFormNPORT-P_X01/primary_doc.xml"
"2022-12-31","2","MSFT","Microsoft Corp","Microsoft Corp","594918104","82724654","19839026522.28","5.562158","https://www.sec.gov/Archives/edgar/data/884394/000175272423046862/xslFormNPORT-P_X01/primary_doc.xml"
"2022-12-31","3","AMZN","Amazon.com Inc","Amazon.com Inc","023135106","98493660","8273467440","2.319586","https://www.sec.gov/Archives/edgar/data/884394/000175272423046862/xslFormNPORT-P_X01/primary_doc.xml"
"2022-12-31","4","BRK.B","Berkshire Hathaway Inc","Berkshire Hathaway Inc","084670702","19994300","6176239270","1.731598","https://www.sec.gov/Archives/edgar/data/884394/000175272423046862/xslFormNPORT-P_X01/primary_doc.xml"
"2022-12-31","5","GOOGL","Alphabet Inc","Alphabet Inc","02079K305","66284400","5848272612","1.639648","https://www.sec.gov/Archives/edgar/data/884394/000175272423046862/xslFormNPORT-P_X01/primary_doc.xml"
"2022-12-31","6","UNH","UnitedHealth Group Inc","UnitedHealth Group Inc","91324P102","10368754","5497305995.72","1.541249","https://www.sec.gov/Archives/edgar/data/884394/000175272423046862/xslFormNPORT-P_X01/primary_doc.xml"
"2022-12-31","7","GOOG","Alphabet Inc","Alphabet Inc","02079K107","58758202","5213615263.46","1.461712","https://www.sec.gov/Archives/edgar/data/884394/000175272423046862/xslFormNPORT-P_X01/primary_doc.xml"
"2022-12-31","8","JNJ","Johnson & Johnson","Johnson & Johnson","478160104","29045685","5130920255.25","1.438528","https://www.sec.gov/Archives/edgar/data/884394/000175272423046862/xslFormNPORT-P_X01/primary_doc.xml"
"2022-12-31","9","XOM","Exxon Mobil Corp","Exxon Mobil Corp","30231G102","45701903","5040919900.9","1.413295","https://www.sec.gov/Archives/edgar/data/884394/000175272423046862/xslFormNPORT-P_X01/primary_doc.xml"
"2022-12-31","10","JPM","JPMorgan Chase & Co","JPMorgan Chase & Co","46625H100","32550833","4365066705.3","1.22381","https://www.sec.gov/Archives/edgar/data/884394/000175272423046862/xslFormNPORT-P_X01/primary_doc.xml"
"2022-12-31","11","NVDA","NVIDIA Corp","NVIDIA Corp","67066G104","27662950","4042663513","1.133419","https://www.sec.gov/Archives/edgar/data/884394/000175272423046862/xslFormNPORT-P_X01/primary_doc.xml"
"2022-12-31","12","PG","Procter & Gamble Co/The","Procter & Gamble Co/The","742718109","26297376","3985630306.56","1.117429","https://www.sec.gov/Archives/edgar/data/884394/000175272423046862/xslFormNPORT-P_X01/primary_doc.xml"
"2022-12-31","13","V","Visa Inc","Visa Inc","92826C839","18144279","3769655405.04","1.056877","https://www.sec.gov/Archives/edgar/data/884394/000175272423046862/xslFormNPORT-P_X01/primary_doc.xml"
"2022-12-31","14","TSLA","Tesla Inc","Tesla Inc","88160R101","29786263","3669071876.34","1.028677","https://www.sec.gov/Archives/edgar/data/884394/000175272423046862/xslFormNPORT-P_X01/primary_doc.xml"
"2022-12-31","15","HD","Home Depot Inc/The","Home Depot Inc/The","437076102","11354190","3586334453.4","1.005481","https://www.sec.gov/Archives/edgar/data/884394/000175272423046862/xslFormNPORT-P_X01/primary_doc.xml"
"2023-06-30","1","AAPL","Apple Inc","Apple Inc","037833100","168174171","32620743948.87","7.716861","https://www.sec.gov/Archives/edgar/data/884394/000175272423196486/xslFormNPORT-P_X01/primary_doc.xml"
"2023-06-30","2","MSFT","Microsoft Corp","Microsoft Corp","594918104","84576238","28801592088.52","6.813391","https://www.sec.gov/Archives/edgar/data/884394/000175272423196486/xslFormNPORT-P_X01/primary_doc.xml"
"2023-06-30","3","AMZN","Amazon.com Inc","Amazon.com Inc","023135106","101535880","13236217316.8","3.131199","https://www.sec.gov/Archives/edgar/data/884394/000175272423196486/xslFormNPORT-P_X01/primary_doc.xml"
"2023-06-30","4","NVDA","NVIDIA Corp","NVIDIA Corp","67066G104","28131019","11899983657.38","2.815096","https://www.sec.gov/Archives/edgar/data/884394/000175272423196486/xslFormNPORT-P_X01/primary_doc.xml"
"2023-06-30","5","GOOGL","Alphabet Inc","Alphabet Inc","02079K305","67576898","8088954690.6","1.913547","https://www.sec.gov/Archives/edgar/data/884394/000175272423196486/xslFormNPORT-P_X01/primary_doc.xml"
"2023-06-30","6","TSLA","Tesla Inc","Tesla Inc","88160R101","30644345","8021770190.65","1.897654","https://www.sec.gov/Archives/edgar/data/884394/000175272423196486/xslFormNPORT-P_X01/primary_doc.xml"
"2023-06-30","7","META","Meta Platforms Inc","Meta Platforms Inc","30303M102","25162299","7221076567.02","1.70824","https://www.sec.gov/Archives/edgar/data/884394/000175272423196486/xslFormNPORT-P_X01/primary_doc.xml"
"2023-06-30","8","GOOG","Alphabet Inc","Alphabet Inc","02079K107","58128803","7031841298.91","1.663474","https://www.sec.gov/Archives/edgar/data/884394/000175272423196486/xslFormNPORT-P_X01/primary_doc.xml"
"2023-06-30","9","BRK.B","Berkshire Hathaway Inc","Berkshire Hathaway Inc","084670702","20284529","6917024389","1.636312","https://www.sec.gov/Archives/edgar/data/884394/000175272423196486/xslFormNPORT-P_X01/primary_doc.xml"
"2023-06-30","10","UNH","UnitedHealth Group Inc","UnitedHealth Group Inc","91324P102","10590039","5089996344.96","1.204105","https://www.sec.gov/Archives/edgar/data/884394/000175272423196486/xslFormNPORT-P_X01/primary_doc.xml"
"2023-06-30","11","XOM","Exxon Mobil Corp","Exxon Mobil Corp","30231G102","45987816","4932193266","1.166774","https://www.sec.gov/Archives/edgar/data/884394/000175272423196486/xslFormNPORT-P_X01/primary_doc.xml"
"2023-06-30","12","JNJ","Johnson & Johnson","Johnson & Johnson","478160104","29559762","4892731806.24","1.157439","https://www.sec.gov/Archives/edgar/data/884394/000175272423196486/xslFormNPORT-P_X01/primary_doc.xml"
"2023-06-30","13","JPM","JPMorgan Chase & Co","JPMorgan Chase & Co","46625H100","33240043","4834431853.92","1.143648","https://www.sec.gov/Archives/edgar/data/884394/000175272423196486/xslFormNPORT-P_X01/primary_doc.xml"
"2023-06-30","14","V","Visa Inc","Visa Inc","92826C839","18406649","4371211004.52","1.034067","https://www.sec.gov/Archives/edgar/data/884394/000175272423196486/xslFormNPORT-P_X01/primary_doc.xml"
"2023-06-30","15","LLY","Eli Lilly & Co","Eli Lilly & Co","532457108","8960008","4202064551.84","0.994053","https://www.sec.gov/Archives/edgar/data/884394/000175272423196486/xslFormNPORT-P_X01/primary_doc.xml"
"2023-12-31","1","AAPL","Apple Inc","Apple Inc","037833100","181462323","34936941047.19","7.029455","https://www.sec.gov/Archives/edgar/data/884394/000175272424043296/xslFormNPORT-P_X01/primary_doc.xml"
"2023-12-31","2","MSFT","Microsoft Corp","Microsoft Corp","594918104","92251473","34690243906.92","6.979818","https://www.sec.gov/Archives/edgar/data/884394/000175272424043296/xslFormNPORT-P_X01/primary_doc.xml"
"2023-12-31","3","AMZN","Amazon.com Inc","Amazon.com Inc","023135106","112876285","17150422742.9","3.450735","https://www.sec.gov/Archives/edgar/data/884394/000175272424043296/xslFormNPORT-P_X01/primary_doc.xml"
"2023-12-31","4","NVDA","NVIDIA Corp","NVIDIA Corp","67066G104","30657994","15182451788.68","3.054771","https://www.sec.gov/Archives/edgar/data/884394/000175272424043296/xslFormNPORT-P_X01/primary_doc.xml"
"2023-12-31","5","GOOGL","Alphabet Inc","Alphabet Inc","02079K305","73456491","10261137227.79","2.064583","https://www.sec.gov/Archives/edgar/data/884394/000175272424043296/xslFormNPORT-P_X01/primary_doc.xml"
"2023-12-31","6","META","Meta Platforms Inc","Meta Platforms Inc","30303M102","27550860","9751902405.6","1.962123","https://www.sec.gov/Archives/edgar/data/884394/000175272424043296/xslFormNPORT-P_X01/primary_doc.xml"
"2023-12-31","7","GOOG","Alphabet Inc","Alphabet Inc","02079K107","61823059","8712723704.87","1.753036","https://www.sec.gov/Archives/edgar/data/884394/000175272424043296/xslFormNPORT-P_X01/primary_doc.xml"
"2023-12-31","8","TSLA","Tesla Inc","Tesla Inc","88160R101","34310782","8525543111.36","1.715374","https://www.sec.gov/Archives/edgar/data/884394/000175272424043296/xslFormNPORT-P_X01/primary_doc.xml"
"2023-12-31","9","BRK.B","Berkshire Hathaway Inc","Berkshire Hathaway Inc","084670702","22582997","8054451710.02","1.620589","https://www.sec.gov/Archives/edgar/data/884394/000175272424043296/xslFormNPORT-P_X01/primary_doc.xml"
"2023-12-31","10","JPM","JPMorgan Chase & Co","JPMorgan Chase & Co","46625H100","35884045","6103876054.5","1.228125","https://www.sec.gov/Archives/edgar/data/884394/000175272424043296/xslFormNPORT-P_X01/primary_doc.xml"
"2023-12-31","11","AVGO","Broadcom Inc","Broadcom Inc","11135F101","5447696","6080990660","1.22352","https://www.sec.gov/Archives/edgar/data/884394/000175272424043296/xslFormNPORT-P_X01/primary_doc.xml"
"2023-12-31","12","UNH","UnitedHealth Group Inc","UnitedHealth Group Inc","91324P102","11480883","6044340473.01","1.216146","https://www.sec.gov/Archives/edgar/data/884394/000175272424043296/xslFormNPORT-P_X01/primary_doc.xml"
"2023-12-31","13","LLY","Eli Lilly & Co","Eli Lilly & Co","532457108","9897713","5769574861.96","1.160862","https://www.sec.gov/Archives/edgar/data/884394/000175272424043296/xslFormNPORT-P_X01/primary_doc.xml"
"2023-12-31","14","V","Visa Inc","Visa Inc","92826C839","19785763","5151223397.05","1.036447","https://www.sec.gov/Archives/edgar/data/884394/000175272424043296/xslFormNPORT-P_X01/primary_doc.xml"
"2023-12-31","15","XOM","Exxon Mobil Corp","Exxon Mobil Corp","30231G102","49719274","4970933014.52","1.000172","https://www.sec.gov/Archives/edgar/data/884394/000175272424043296/xslFormNPORT-P_X01/primary_doc.xml"
"2024-06-30","1","MSFT","Microsoft Corp","Microsoft Corp","594918104","87689466","39192806828.7","7.246166","https://www.sec.gov/Archives/edgar/data/884394/000175272424196595/xslFormNPORT-P_X01/primary_doc.xml"
"2024-06-30","2","NVDA","NVIDIA Corp","NVIDIA Corp","67066G104","290194021","35850569354.34","6.628236","https://www.sec.gov/Archives/edgar/data/884394/000175272424196595/xslFormNPORT-P_X01/primary_doc.xml"
"2024-06-30","3","AAPL","Apple Inc","Apple Inc","037833100","170046858","35815269231.96","6.62171","https://www.sec.gov/Archives/edgar/data/884394/000175272424196595/xslFormNPORT-P_X01/primary_doc.xml"
"2024-06-30","4","AMZN","Amazon.com Inc","Amazon.com Inc","023135106","108037688","20878283206","3.860084","https://www.sec.gov/Archives/edgar/data/884394/000175272424196595/xslFormNPORT-P_X01/primary_doc.xml"
"2024-06-30","5","META","Meta Platforms Inc","Meta Platforms Inc","30303M102","25853193","13035696974.46","2.410106","https://www.sec.gov/Archives/edgar/data/884394/000175272424196595/xslFormNPORT-P_X01/primary_doc.xml"
"2024-06-30","6","GOOGL","Alphabet Inc","Alphabet Inc","02079K305","69297248","12622493723.2","2.333711","https://www.sec.gov/Archives/edgar/data/884394/000175272424196595/xslFormNPORT-P_X01/primary_doc.xml"
"2024-06-30","7","GOOG","Alphabet Inc","Alphabet Inc","02079K107","57651164","10574376500.88","1.955045","https://www.sec.gov/Archives/edgar/data/884394/000175272424196595/xslFormNPORT-P_X01/primary_doc.xml"
"2024-06-30","8","BRK.B","Berkshire Hathaway Inc","Berkshire Hathaway Inc","084670702","21357493","8688228152.4","1.606324","https://www.sec.gov/Archives/edgar/data/884394/000175272424196595/xslFormNPORT-P_X01/primary_doc.xml"
"2024-06-30","9","LLY","Eli Lilly & Co","Eli Lilly & Co","532457108","9408364","8518144598.32","1.574878","https://www.sec.gov/Archives/edgar/data/884394/000175272424196595/xslFormNPORT-P_X01/primary_doc.xml"
"2024-06-30","10","AVGO","Broadcom Inc","Broadcom Inc","11135F101","5138880","8250626006.4","1.525418","https://www.sec.gov/Archives/edgar/data/884394/000175272424196595/xslFormNPORT-P_X01/primary_doc.xml"
"2024-06-30","11","JPM","JPMorgan Chase & Co","JPMorgan Chase & Co","46625H100","33877738","6852111287.88","1.266853","https://www.sec.gov/Archives/edgar/data/884394/000175272424196595/xslFormNPORT-P_X01/primary_doc.xml"
"2024-06-30","12","TSLA","Tesla Inc","Tesla Inc","88160R101","32709175","6472491549","1.196667","https://www.sec.gov/Archives/edgar/data/884394/000175272424196595/xslFormNPORT-P_X01/primary_doc.xml"
"2024-06-30","13","XOM","Exxon Mobil Corp","Exxon Mobil Corp","30231G102","52921966","6092376725.92","1.12639","https://www.sec.gov/Archives/edgar/data/884394/000175272424196595/xslFormNPORT-P_X01/primary_doc.xml"
"2024-06-30","14","UNH","UnitedHealth Group Inc","UnitedHealth Group Inc","91324P102","10858110","5529601098.6","1.022341","https://www.sec.gov/Archives/edgar/data/884394/000175272424196595/xslFormNPORT-P_X01/primary_doc.xml"
"2024-06-30","15","V","Visa Inc","Visa Inc","92826C839","18570965","4874321183.55","0.901189","https://www.sec.gov/Archives/edgar/data/884394/000175272424196595/xslFormNPORT-P_X01/primary_doc.xml"
"2024-12-31","1","AAPL","Apple Inc","Apple Inc","037833100","189279429","47399354610.18","7.598544","https://www.sec.gov/Archives/edgar/data/884394/000175272425043826/xslFormNPORT-P_X01/primary_doc.xml"
"2024-12-31","2","NVDA","NVIDIA Corp","NVIDIA Corp","67066G104","307163107","41248933639.03","6.612576","https://www.sec.gov/Archives/edgar/data/884394/000175272425043826/xslFormNPORT-P_X01/primary_doc.xml"
"2024-12-31","3","MSFT","Microsoft Corp","Microsoft Corp","594918104","93099000","39241228500","6.290723","https://www.sec.gov/Archives/edgar/data/884394/000175272425043826/xslFormNPORT-P_X01/primary_doc.xml"
"2024-12-31","4","AMZN","Amazon.com Inc","Amazon.com Inc","023135106","117184666","25709143873.74","4.121407","https://www.sec.gov/Archives/edgar/data/884394/000175272425043826/xslFormNPORT-P_X01/primary_doc.xml"
"2024-12-31","5","META","Meta Platforms Inc","Meta Platforms Inc","30303M102","27297712","15983083353.12","2.562232","https://www.sec.gov/Archives/edgar/data/884394/000175272425043826/xslFormNPORT-P_X01/primary_doc.xml"
"2024-12-31","6","TSLA","Tesla Inc","Tesla Inc","88160R101","34970759","14122591314.56","2.263979","https://www.sec.gov/Archives/edgar/data/884394/000175272425043826/xslFormNPORT-P_X01/primary_doc.xml"
"2024-12-31","7","GOOGL","Alphabet Inc","Alphabet Inc","02079K305","73165768","13850279882.4","2.220325","https://www.sec.gov/Archives/edgar/data/884394/000175272425043826/xslFormNPORT-P_X01/primary_doc.xml"
"2024-12-31","8","AVGO","Broadcom Inc","Broadcom Inc","11135F101","58484643","13559079633.12","2.173643","https://www.sec.gov/Archives/edgar/data/884394/000175272425043826/xslFormNPORT-P_X01/primary_doc.xml"
"2024-12-31","9","GOOG","Alphabet Inc","Alphabet Inc","02079K107","59594783","11349230474.52","1.819384","https://www.sec.gov/Archives/edgar/data/884394/000175272425043826/xslFormNPORT-P_X01/primary_doc.xml"
"2024-12-31","10","BRK.B","Berkshire Hathaway Inc","Berkshire Hathaway Inc","084670702","22951994","10403679840.32","1.667804","https://www.sec.gov/Archives/edgar/data/884394/000175272425043826/xslFormNPORT-P_X01/primary_doc.xml"
"2024-12-31","11","JPM","JPMorgan Chase & Co","JPMorgan Chase & Co","46625H100","35253598","8450639976.58","1.354714","https://www.sec.gov/Archives/edgar/data/884394/000175272425043826/xslFormNPORT-P_X01/primary_doc.xml"
"2024-12-31","12","LLY","Eli Lilly & Co","Eli Lilly & Co","532457108","9866130","7616652360","1.221018","https://www.sec.gov/Archives/edgar/data/884394/000175272425043826/xslFormNPORT-P_X01/primary_doc.xml"
"2024-12-31","13","V","Visa Inc","Visa Inc","92826C839","21638941","6838770913.64","1.096317","https://www.sec.gov/Archives/edgar/data/884394/000175272425043826/xslFormNPORT-P_X01/primary_doc.xml"
"2024-12-31","14","XOM","Exxon Mobil Corp","Exxon Mobil Corp","30231G102","55035064","5920121834.48","0.949049","https://www.sec.gov/Archives/edgar/data/884394/000175272425043826/xslFormNPORT-P_X01/primary_doc.xml"
"2024-12-31","15","UNH","UnitedHealth Group Inc","UnitedHealth Group Inc","91324P102","11523576","5829316155.36","0.934492","https://www.sec.gov/Archives/edgar/data/884394/000175272425043826/xslFormNPORT-P_X01/primary_doc.xml"
"2025-06-30","1","NVDA","NVIDIA Corp","NVIDIA Corp","67066G104","295749762","46725504898.38","7.337729","https://www.sec.gov/Archives/edgar/data/884394/000175272425211156/xslFormNPORT-P_X01/primary_doc.xml"
"2025-06-30","2","MSFT","Microsoft Corp","Microsoft Corp","594918104","90135062","44834081189.42","7.040702","https://www.sec.gov/Archives/edgar/data/884394/000175272425211156/xslFormNPORT-P_X01/primary_doc.xml"
"2025-06-30","3","AAPL","Apple Inc","Apple Inc","037833100","181127966","37162024784.22","5.835889","https://www.sec.gov/Archives/edgar/data/884394/000175272425211156/xslFormNPORT-P_X01/primary_doc.xml"
"2025-06-30","4","AMZN","Amazon.com Inc","Amazon.com Inc","023135106","114583377","25138447080.03","3.947718","https://www.sec.gov/Archives/edgar/data/884394/000175272425211156/xslFormNPORT-P_X01/primary_doc.xml"
"2025-06-30","5","META","Meta Platforms Inc","Meta Platforms Inc","30303M102","26331879","19435296571.11","3.052101","https://www.sec.gov/Archives/edgar/data/884394/000175272425211156/xslFormNPORT-P_X01/primary_doc.xml"
"2025-06-30","6","AVGO","Broadcom Inc","Broadcom Inc","11135F101","57025907","15719191264.55","2.468527","https://www.sec.gov/Archives/edgar/data/884394/000175272425211156/xslFormNPORT-P_X01/primary_doc.xml"
"2025-06-30","7","GOOGL","Alphabet Inc","Alphabet Inc","02079K305","70585669","12439312447.87","1.953458","https://www.sec.gov/Archives/edgar/data/884394/000175272425211156/xslFormNPORT-P_X01/primary_doc.xml"
"2025-06-30","8","BRK.B","Berkshire Hathaway Inc","Berkshire Hathaway Inc","084670702","22239550","10803306203.5","1.696541","https://www.sec.gov/Archives/edgar/data/884394/000175272425211156/xslFormNPORT-P_X01/primary_doc.xml"
"2025-06-30","9","TSLA","Tesla Inc","Tesla Inc","88160R101","33985569","10795855848.54","1.695371","https://www.sec.gov/Archives/edgar/data/884394/000175272425211156/xslFormNPORT-P_X01/primary_doc.xml"
"2025-06-30","10","GOOG","Alphabet Inc","Alphabet Inc","02079K107","56938120","10100253106.8","1.586134","https://www.sec.gov/Archives/edgar/data/884394/000175272425211156/xslFormNPORT-P_X01/primary_doc.xml"
"2025-06-30","11","JPM","JPMorgan Chase & Co","JPMorgan Chase & Co","46625H100","33705168","9771465254.88","1.534502","https://www.sec.gov/Archives/edgar/data/884394/000175272425211156/xslFormNPORT-P_X01/primary_doc.xml"
"2025-06-30","12","LLY","Eli Lilly & Co","Eli Lilly & Co","532457108","9540241","7436904066.73","1.167884","https://www.sec.gov/Archives/edgar/data/884394/000175272425211156/xslFormNPORT-P_X01/primary_doc.xml"
"2025-06-30","13","V","Visa Inc","Visa Inc","92826C839","20751006","7367644680.3","1.157008","https://www.sec.gov/Archives/edgar/data/884394/000175272425211156/xslFormNPORT-P_X01/primary_doc.xml"
"2025-06-30","14",,"Netflix Inc","Netflix Inc","64110L106","5161528","6911956990.64","1.085447","https://www.sec.gov/Archives/edgar/data/884394/000175272425211156/xslFormNPORT-P_X01/primary_doc.xml"
"2025-06-30","15","XOM","Exxon Mobil Corp","Exxon Mobil Corp","30231G102","52272180","5634941004","0.884906","https://www.sec.gov/Archives/edgar/data/884394/000175272425211156/xslFormNPORT-P_X01/primary_doc.xml"
"2025-12-31","1","NVDA","NVIDIA Corp","NVIDIA Corp","67066G104","296077792","55218508208","7.754618","https://www.sec.gov/Archives/edgar/data/884394/000141036826020131/xslFormNPORT-P_X01/primary_doc.xml"
"2025-12-31","2","AAPL","Apple Inc","Apple Inc","037833100","180038934","48945384597.24","6.873651","https://www.sec.gov/Archives/edgar/data/884394/000141036826020131/xslFormNPORT-P_X01/primary_doc.xml"
"2025-12-31","3","MSFT","Microsoft Corp","Microsoft Corp","594918104","90558069","43795693329.78","6.150454","https://www.sec.gov/Archives/edgar/data/884394/000141036826020131/xslFormNPORT-P_X01/primary_doc.xml"
"2025-12-31","4","AMZN","Amazon.com Inc","Amazon.com Inc","023135106","118529806","27359049820.92","3.842172","https://www.sec.gov/Archives/edgar/data/884394/000141036826020131/xslFormNPORT-P_X01/primary_doc.xml"
"2025-12-31","5","GOOGL","Alphabet Inc","Alphabet Inc","02079K305","70893951","22189806663","3.116228","https://www.sec.gov/Archives/edgar/data/884394/000141036826020131/xslFormNPORT-P_X01/primary_doc.xml"
"2025-12-31","6","AVGO","Broadcom Inc","Broadcom Inc","11135F101","57538656","19914128841.6","2.796643","https://www.sec.gov/Archives/edgar/data/884394/000141036826020131/xslFormNPORT-P_X01/primary_doc.xml"
"2025-12-31","7","GOOG","Alphabet Inc","Alphabet Inc","02079K107","56657141","17779010845.8","2.496798","https://www.sec.gov/Archives/edgar/data/884394/000141036826020131/xslFormNPORT-P_X01/primary_doc.xml"
"2025-12-31","8","META","Meta Platforms Inc","Meta Platforms Inc","30303M102","26536021","17516162101.89","2.459885","https://www.sec.gov/Archives/edgar/data/884394/000141036826020131/xslFormNPORT-P_X01/primary_doc.xml"
"2025-12-31","9","TSLA","Tesla Inc","Tesla Inc","88160R101","34237015","15397070385.8","2.16229","https://www.sec.gov/Archives/edgar/data/884394/000141036826020131/xslFormNPORT-P_X01/primary_doc.xml"
"2025-12-31","10","BRK.B","Berkshire Hathaway Inc","Berkshire Hathaway Inc","084670702","22342839","11230628023.35","1.577175","https://www.sec.gov/Archives/edgar/data/884394/000141036826020131/xslFormNPORT-P_X01/primary_doc.xml"
"2025-12-31","11","JPM","JPMorgan Chase & Co","JPMorgan Chase & Co","46625H100","33168765","10687639458.3","1.50092","https://www.sec.gov/Archives/edgar/data/884394/000141036826020131/xslFormNPORT-P_X01/primary_doc.xml"
"2025-12-31","12","LLY","Eli Lilly & Co","Eli Lilly & Co","532457108","9675697","10398278051.96","1.460284","https://www.sec.gov/Archives/edgar/data/884394/000141036826020131/xslFormNPORT-P_X01/primary_doc.xml"
"2025-12-31","13","V","Visa Inc","Visa Inc","92826C839","20562573","7211499976.83","1.012748","https://www.sec.gov/Archives/edgar/data/884394/000141036826020131/xslFormNPORT-P_X01/primary_doc.xml"
"2025-12-31","14","XOM","Exxon Mobil Corp","Exxon Mobil Corp","30231G102","51383087","6183440689.58","0.868372","https://www.sec.gov/Archives/edgar/data/884394/000141036826020131/xslFormNPORT-P_X01/primary_doc.xml"
"2025-12-31","15","JNJ","Johnson & Johnson","Johnson & Johnson","478160104","29346023","6073159459.85","0.852885","https://www.sec.gov/Archives/edgar/data/884394/000141036826020131/xslFormNPORT-P_X01/primary_doc.xml"
