month,ticker,issue
2015-01,ALTR,outside_data_range
2015-01,BRCM,outside_data_range
2015-01,CA,outside_data_range
2015-01,DISCA,outside_data_range
2015-01,DTV,outside_data_range
2015-01,FOXA,outside_data_range
2015-01,LLTC,outside_data_range
2015-01,LMCK,no_data_file
2015-01,QRTEA,outside_data_range
2015-01,SNDK,outside_data_range
2015-01,SPLS,outside_data_range
2015-01,VIP,no_data_file
2015-02,ALTR,outside_data_range
2015-02,BRCM,outside_data_range
2015-02,CA,outside_data_range
2015-02,DISCA,outside_data_range
2015-02,DTV,outside_data_range
2015-02,FOXA,outside_data_range
2015-02,LLTC,outside_data_range
2015-02,LMCK,no_data_file
2015-02,QRTEA,outside_data_range
2015-02,SNDK,outside_data_range
2015-02,SPLS,outside_data_range
2015-02,VIP,no_data_file
2015-03,ALTR,outside_data_range
2015-03,BRCM,outside_data_range
2015-03,CA,outside_data_range
2015-03,DISCA,outside_data_range
2015-03,DTV,outside_data_range
2015-03,FOXA,outside_data_range
2015-03,LLTC,outside_data_range
2015-03,LMCK,no_data_file
2015-03,QRTEA,outside_data_range
2015-03,SNDK,outside_data_range
2015-03,SPLS,outside_data_range
2015-03,VIP,no_data_file
2015-04,ALTR,outside_data_range
2015-04,BRCM,outside_data_range
2015-04,CA,outside_data_range
2015-04,DISCA,outside_data_range
2015-04,DTV,outside_data_range
2015-04,FOXA,outside_data_range
2015-04,LLTC,outside_data_range
2015-04,LMCK,no_data_file
2015-04,QRTEA,outside_data_range
2015-04,SNDK,outside_data_range
2015-04,SPLS,outside_data_range
2015-04,VIP,no_data_file
2015-05,ALTR,outside_data_range
2015-05,BRCM,outside_data_range
2015-05,CA,outside_data_range
2015-05,DISCA,outside_data_range
2015-05,DTV,outside_data_range
2015-05,FOXA,outside_data_range
2015-05,LLTC,outside_data_range
2015-05,LMCK,no_data_file
2015-05,QRTEA,outside_data_range
2015-05,SNDK,outside_data_range
2015-05,SPLS,outside_data_range
2015-05,VIP,no_data_file
2015-06,ALTR,outside_data_range
2015-06,BRCM,outside_data_range
2015-06,CA,outside_data_range
2015-06,DISCA,outside_data_range
2015-06,DTV,outside_data_range
2015-06,FOXA,outside_data_range
2015-06,LLTC,outside_data_range
2015-06,LMCK,no_data_file
2015-06,QRTEA,outside_data_range
2015-06,SNDK,outside_data_range
2015-06,SPLS,outside_data_range
2015-06,VIP,no_data_file
2015-07,ALTR,outside_data_range
2015-07,BRCM,outside_data_range
2015-07,CA,outside_data_range
2015-07,DISCA,outside_data_range
2015-07,DTV,outside_data_range
2015-07,FOXA,outside_data_range
2015-07,LLTC,outside_data_range
2015-07,LMCK,no_data_file
2015-07,QRTEA,outside_data_range
2015-07,SNDK,outside_data_range
2015-07,SPLS,outside_data_range
2015-07,VIP,no_data_file
2015-08,ALTR,outside_data_range
2015-08,BRCM,outside_data_range
2015-08,CA,outside_data_range
2015-08,DISCA,outside_data_range
2015-08,FOXA,outside_data_range
2015-08,LLTC,outside_data_range
2015-08,LMCK,no_data_file
2015-08,QRTEA,outside_data_range
2015-08,SNDK,outside_data_range
2015-08,SPLS,outside_data_range
2015-08,VIP,no_data_file
2015-09,ALTR,outside_data_range
2015-09,BRCM,outside_data_range
2015-09,CA,outside_data_range
2015-09,DISCA,outside_data_range
2015-09,FOXA,outside_data_range
2015-09,LLTC,outside_data_range
2015-09,LMCK,no_data_file
2015-09,QRTEA,outside_data_range
2015-09,SNDK,outside_data_range
2015-09,SPLS,outside_data_range
2015-09,VIP,no_data_file
2015-10,ALTR,outside_data_range
2015-10,BRCM,outside_data_range
2015-10,CA,outside_data_range
2015-10,DISCA,outside_data_range
2015-10,FOXA,outside_data_range
2015-10,LLTC,outside_data_range
2015-10,LMCK,no_data_file
2015-10,QRTEA,outside_data_range
2015-10,SNDK,outside_data_range
2015-10,SPLS,outside_data_range
2015-10,VIP,no_data_file
2015-11,BRCM,outside_data_range
2015-11,CA,outside_data_range
2015-11,DISCA,outside_data_range
2015-11,FOXA,outside_data_range
2015-11,LLTC,outside_data_range
2015-11,LMCK,no_data_file
2015-11,QRTEA,outside_data_range
2015-11,SNDK,outside_data_range
2015-11,SPLS,outside_data_range
2015-11,VIP,no_data_file
2015-12,CA,outside_data_range
2015-12,DISCA,outside_data_range
2015-12,FOXA,outside_data_range
2015-12,LLTC,outside_data_range
2015-12,LMCK,no_data_file
2015-12,QRTEA,outside_data_range
2015-12,SNDK,outside_data_range
2015-12,SPLS,outside_data_range
2015-12,VIP,no_data_file
2016-01,CA,outside_data_range
2016-01,DISCA,outside_data_range
2016-01,ENDP,no_data_file
2016-01,FOXA,outside_data_range
2016-01,LMCK,no_data_file
2016-01,QRTEA,outside_data_range
2016-01,SNDK,outside_data_range
2016-02,CA,outside_data_range
2016-02,DISCA,outside_data_range
2016-02,ENDP,no_data_file
2016-02,FOXA,outside_data_range
2016-02,LMCK,no_data_file
2016-02,QRTEA,outside_data_range
2016-02,SNDK,outside_data_range
2016-03,CA,outside_data_range
2016-03,DISCA,outside_data_range
2016-03,ENDP,no_data_file
2016-03,FOXA,outside_data_range
2016-03,LMCK,no_data_file
2016-03,QRTEA,outside_data_range
2016-03,SNDK,outside_data_range
2016-04,CA,outside_data_range
2016-04,DISCA,outside_data_range
2016-04,ENDP,no_data_file
2016-04,FOXA,outside_data_range
2016-04,LMCK,no_data_file
2016-04,QRTEA,outside_data_range
2016-05,CA,outside_data_range
2016-05,DISCA,outside_data_range
2016-05,ENDP,no_data_file
2016-05,FOXA,outside_data_range
2016-05,LMCK,no_data_file
2016-05,QRTEA,outside_data_range
2016-06,CA,outside_data_range
2016-06,DISCA,outside_data_range
2016-06,ENDP,no_data_file
2016-06,FOXA,outside_data_range
2016-06,LMCK,no_data_file
2016-06,QRTEA,outside_data_range
2016-07,CA,outside_data_range
2016-07,DISCA,outside_data_range
2016-07,ENDP,no_data_file
2016-07,FOXA,outside_data_range
2016-07,QRTEA,outside_data_range
2016-08,CA,outside_data_range
2016-08,DISCA,outside_data_range
2016-08,FOXA,outside_data_range
2016-08,QRTEA,outside_data_range
2016-09,CA,outside_data_range
2016-09,DISCA,outside_data_range
2016-09,FOXA,outside_data_range
2016-09,QRTEA,outside_data_range
2016-10,CA,outside_data_range
2016-10,DISCA,outside_data_range
2016-10,FOXA,outside_data_range
2016-10,QRTEA,outside_data_range
2016-11,CA,outside_data_range
2016-11,DISCA,outside_data_range
2016-11,FOXA,outside_data_range
2016-11,QRTEA,outside_data_range
2016-12,CA,outside_data_range
2016-12,DISCA,outside_data_range
2016-12,FOXA,outside_data_range
2016-12,QRTEA,outside_data_range
2017-01,CA,outside_data_range
2017-01,DISCA,outside_data_range
2017-01,FOXA,outside_data_range
2017-01,QRTEA,outside_data_range
2017-02,CA,outside_data_range
2017-02,DISCA,outside_data_range
2017-02,FOXA,outside_data_range
2017-02,QRTEA,outside_data_range
2017-03,CA,outside_data_range
2017-03,DISCA,outside_data_range
2017-03,FOXA,outside_data_range
2017-03,QRTEA,outside_data_range
2017-04,CA,outside_data_range
2017-04,DISCA,outside_data_range
2017-04,FOXA,outside_data_range
2017-04,QRTEA,outside_data_range
2017-05,CA,outside_data_range
2017-05,DISCA,outside_data_range
2017-05,FOXA,outside_data_range
2017-05,QRTEA,outside_data_range
2017-06,CA,outside_data_range
2017-06,DISCA,outside_data_range
2017-06,FOXA,outside_data_range
2017-06,QRTEA,outside_data_range
2017-07,CA,outside_data_range
2017-07,DISCA,outside_data_range
2017-07,FOXA,outside_data_range
2017-07,QRTEA,outside_data_range
2017-08,CA,outside_data_range
2017-08,DISCA,outside_data_range
2017-08,FOXA,outside_data_range
2017-08,QRTEA,outside_data_range
2017-09,CA,outside_data_range
2017-09,DISCA,outside_data_range
2017-09,FOXA,outside_data_range
2017-09,QRTEA,outside_data_range
2017-10,CA,outside_data_range
2017-10,DISCA,outside_data_range
2017-10,FOXA,outside_data_range
2017-10,QRTEA,outside_data_range
2017-11,CA,outside_data_range
2017-11,DISCA,outside_data_range
2017-11,FOXA,outside_data_range
2017-11,QRTEA,outside_data_range
2017-12,CA,outside_data_range
2017-12,DISCA,outside_data_range
2017-12,FOXA,outside_data_range
2017-12,QRTEA,outside_data_range
2018-01,CA,outside_data_range
2018-01,FOXA,outside_data_range
2018-01,QRTEA,outside_data_range
2018-02,CA,outside_data_range
2018-02,FOXA,outside_data_range
2018-02,QRTEA,outside_data_range
2018-03,CA,outside_data_range
2018-03,FOXA,outside_data_range
2018-03,QRTEA,outside_data_range
2018-04,CA,outside_data_range
2018-04,FOXA,outside_data_range
2018-04,QRTEA,outside_data_range
2018-05,CA,outside_data_range
2018-05,FOXA,outside_data_range
2018-05,QRTEA,outside_data_range
2018-06,CA,outside_data_range
2018-06,FOXA,outside_data_range
2018-06,QRTEA,outside_data_range
2018-07,CA,outside_data_range
2018-07,FOXA,outside_data_range
2018-07,QRTEA,outside_data_range
2018-08,CA,outside_data_range
2018-08,FOXA,outside_data_range
2018-08,QRTEA,outside_data_range
2018-09,CA,outside_data_range
2018-09,FOXA,outside_data_range
2018-09,QRTEA,outside_data_range
2018-10,CA,outside_data_range
2018-10,FOXA,outside_data_range
2018-10,QRTEA,outside_data_range
2018-11,CA,outside_data_range
2018-11,FOXA,outside_data_range
2018-11,QRTEA,outside_data_range
2018-12,FOXA,outside_data_range
2018-12,QRTEA,outside_data_range
2019-01,FOXA,outside_data_range
2019-01,WLTW,no_data_file
2019-02,FOXA,outside_data_range
2019-02,WLTW,no_data_file
2019-03,WLTW,no_data_file
2019-04,WLTW,no_data_file
2019-05,WLTW,no_data_file
2019-06,WLTW,no_data_file
2019-07,WLTW,no_data_file
2019-08,WLTW,no_data_file
2019-09,WLTW,no_data_file
2019-10,WLTW,no_data_file
2019-11,WLTW,no_data_file
2019-12,WLTW,no_data_file
2020-01,WLTW,no_data_file
2020-02,WLTW,no_data_file
2020-03,WLTW,no_data_file
2020-04,WLTW,no_data_file
