month,tickers
2015-01,AAL;AAPL;ADBE;ADI;ADP;ADSK;AKAM;ALTR;ALXN;AMAT;AMGN;AMZN;ATVI;AVGO;BBBY;BIDU;BIIB;BKNG;BRCM;CA;CELG;CERN;CHKP;CHRW;CHTR;CMCSA;COST;CSCO;CTRX;CTSH;CTXS;DISCA;DISCK;DISH;DLTR;DTV;EA;EBAY;EQIX;ESRX;EXPD;FAST;FISV;FOXA;GILD;GMCR;GOOGL;GRMN;HSIC;ILMN;INTC;INTU;ISRG;KLAC;KRFT;LBTYA;LLTC;LMCA;LMCK;LRCX;MAR;MAT;MDLZ;META;MNST;MSFT;MU;MYL;NFLX;NLOK;NTAP;NVDA;NXPI;ORLY;PAYX;PCAR;QCOM;QRTEA;REGN;ROST;SBAC;SBUX;SIAL;SIRI;SNDK;SPLS;SRCL;STX;TRIP;TSCO;TSLA;TXN;VIAB;VIP;VOD;VRSK;VRTX;WDC;WFM;WYNN;XLNX;YHOO
2015-02,AAL;AAPL;ADBE;ADI;ADP;ADSK;AKAM;ALTR;ALXN;AMAT;AMGN;AMZN;ATVI;AVGO;BBBY;BIDU;BIIB;BKNG;BRCM;CA;CELG;CERN;CHKP;CHRW;CHTR;CMCSA;COST;CSCO;CTRX;CTSH;CTXS;DISCA;DISCK;DISH;DLTR;DTV;EA;EBAY;EQIX;ESRX;EXPD;FAST;FISV;FOXA;GILD;GMCR;GOOGL;GRMN;HSIC;ILMN;INTC;INTU;ISRG;KLAC;KRFT;LBTYA;LLTC;LMCA;LMCK;LRCX;MAR;MAT;MDLZ;META;MNST;MSFT;MU;MYL;NFLX;NLOK;NTAP;NVDA;NXPI;ORLY;PAYX;PCAR;QCOM;QRTEA;REGN;ROST;SBAC;SBUX;SIAL;SIRI;SNDK;SPLS;SRCL;STX;TRIP;TSCO;TSLA;TXN;VIAB;VIP;VOD;VRSK;VRTX;WDC;WFM;WYNN;XLNX;YHOO
2015-03,AAL;AAPL;ADBE;ADI;ADP;ADSK;AKAM;ALTR;ALXN;AMAT;AMGN;AMZN;ATVI;AVGO;BBBY;BIDU;BIIB;BKNG;BRCM;CA;CELG;CERN;CHKP;CHRW;CHTR;CMCSA;COST;CSCO;CTRX;CTSH;CTXS;DISCA;DISCK;DISH;DLTR;DTV;EA;EBAY;EQIX;ESRX;EXPD;FAST;FISV;FOXA;GILD;GMCR;GOOGL;GRMN;HSIC;ILMN;INTC;INTU;ISRG;KLAC;KRFT;LBTYA;LLTC;LMCA;LMCK;LRCX;MAR;MAT;MDLZ;META;MNST;MSFT;MU;MYL;NFLX;NLOK;NTAP;NVDA;NXPI;ORLY;PAYX;PCAR;QCOM;QRTEA;REGN;ROST;SBAC;SBUX;SIAL;SIRI;SNDK;SPLS;SRCL;STX;TRIP;TSCO;TSLA;TXN;VIAB;VIP;VOD;VRSK;VRTX;WDC;WFM;WYNN;XLNX;YHOO
2015-04,AAL;AAPL;ADBE;ADI;ADP;ADSK;AKAM;ALTR;ALXN;AMAT;AMGN;AMZN;ATVI;AVGO;BBBY;BIDU;BIIB;BKNG;BRCM;CA;CELG;CERN;CHKP;CHRW;CHTR;CMCSA;COST;CSCO;CTRX;CTSH;CTXS;DISCA;DISCK;DISH;DLTR;DTV;EA;EBAY;ESRX;EXPD;FAST;FISV;FOXA;GILD;GMCR;GOOGL;GRMN;HSIC;ILMN;INTC;INTU;ISRG;KLAC;KRFT;LBTYA;LLTC;LMCA;LMCK;LRCX;MAR;MAT;MDLZ;META;MNST;MSFT;MU;MYL;NFLX;NLOK;NTAP;NVDA;NXPI;ORLY;PAYX;PCAR;QCOM;QRTEA;REGN;ROST;SBAC;SBUX;SIAL;SIRI;SNDK;SPLS;SRCL;STX;TRIP;TSCO;TSLA;TXN;VIAB;VIP;VOD;VRSK;VRTX;WBA;WDC;WFM;WYNN;XLNX;YHOO
2015-05,AAL;AAPL;ADBE;ADI;ADP;ADSK;AKAM;ALTR;ALXN;AMAT;AMGN;AMZN;ATVI;AVGO;BBBY;BIDU;BIIB;BKNG;BRCM;CA;CELG;CERN;CHKP;CHRW;CHTR;CMCSA;COST;CSCO;CTRX;CTSH;CTXS;DISCA;DISCK;DISH;DLTR;DTV;EA;EBAY;ESRX;EXPD;FAST;FISV;FOXA;GILD;GMCR;GOOGL;GRMN;HSIC;ILMN;INTC;INTU;ISRG;KLAC;KRFT;LBTYA;LLTC;LMCA;LMCK;LRCX;MAR;MAT;MDLZ;META;MNST;MSFT;MU;MYL;NFLX;NLOK;NTAP;NVDA;NXPI;ORLY;PAYX;PCAR;QCOM;QRTEA;REGN;ROST;SBAC;SBUX;SIAL;SIRI;SNDK;SPLS;SRCL;STX;TRIP;TSCO;TSLA;TXN;VIAB;VIP;VOD;VRSK;VRTX;WBA;WDC;WFM;WYNN;XLNX;YHOO
2015-06,AAL;AAPL;ADBE;ADI;ADP;ADSK;AKAM;ALTR;ALXN;AMAT;AMGN;AMZN;ATVI;AVGO;BBBY;BIDU;BIIB;BKNG;BRCM;CA;CELG;CERN;CHKP;CHRW;CHTR;CMCSA;COST;CSCO;CTRX;CTSH;CTXS;DISCA;DISCK;DISH;DLTR;DTV;EA;EBAY;ESRX;EXPD;FAST;FISV;FOXA;GILD;GMCR;GOOGL;GRMN;HSIC;ILMN;INTC;INTU;ISRG;KLAC;KRFT;LBTYA;LLTC;LMCA;LMCK;LRCX;MAR;MAT;MDLZ;META;MNST;MSFT;MU;MYL;NFLX;NLOK;NTAP;NVDA;NXPI;ORLY;PAYX;PCAR;QCOM;QRTEA;REGN;ROST;SBAC;SBUX;SIAL;SIRI;SNDK;SPLS;SRCL;STX;TRIP;TSCO;TSLA;TXN;VIAB;VIP;VOD;VRSK;VRTX;WBA;WDC;WFM;WYNN;XLNX;YHOO
2015-07,AAL;AAPL;ADBE;ADI;ADP;ADSK;AKAM;ALTR;ALXN;AMAT;AMGN;AMZN;ATVI;AVGO;BBBY;BIDU;BIIB;BKNG;BRCM;CA;CELG;CERN;CHKP;CHRW;CHTR;CMCSA;COST;CSCO;CTRX;CTSH;CTXS;DISCA;DISCK;DISH;DLTR;DTV;EA;EBAY;ESRX;EXPD;FAST;FISV;FOXA;GILD;GMCR;GOOGL;GRMN;HSIC;ILMN;INTC;INTU;ISRG;KLAC;KRFT;LBTYA;LLTC;LMCA;LMCK;LRCX;MAR;MAT;MDLZ;META;MNST;MSFT;MU;MYL;NFLX;NLOK;NTAP;NVDA;NXPI;ORLY;PAYX;PCAR;QCOM;QRTEA;REGN;ROST;SBAC;SBUX;SIAL;SIRI;SNDK;SPLS;SRCL;STX;TRIP;TSCO;TSLA;TXN;VIAB;VIP;VOD;VRSK;VRTX;WBA;WDC;WFM;WYNN;XLNX;YHOO
2015-08,AAL;AAPL;ADBE;ADI;ADP;ADSK;AKAM;ALTR;ALXN;AMAT;AMGN;AMZN;ATVI;AVGO;BBBY;BIDU;BIIB;BKNG;BMRN;BRCM;CA;CELG;CERN;CHKP;CHRW;CHTR;CMCSA;COST;CSCO;CTSH;CTXS;DISCA;DISCK;DISH;DLTR;EA;EBAY;ESRX;EXPD;FAST;FISV;FOXA;GILD;GMCR;GOOGL;GRMN;HSIC;ILMN;INTC;INTU;ISRG;JD;KHC;KLAC;LBTYA;LILA;LLTC;LMCA;LMCK;LRCX;MAR;MAT;MDLZ;META;MNST;MSFT;MU;MYL;NFLX;NLOK;NTAP;NVDA;NXPI;ORLY;PAYX;PCAR;QCOM;QRTEA;REGN;ROST;SBAC;SBUX;SIAL;SIRI;SNDK;SPLS;SRCL;STX;TRIP;TSCO;TSLA;TXN;VIAB;VIP;VOD;VRSK;VRTX;WBA;WDC;WFM;WYNN;XLNX;YHOO
2015-09,AAL;AAPL;ADBE;ADI;ADP;ADSK;AKAM;ALTR;ALXN;AMAT;AMGN;AMZN;ATVI;AVGO;BBBY;BIDU;BIIB;BKNG;BMRN;BRCM;CA;CELG;CERN;CHKP;CHRW;CHTR;CMCSA;COST;CSCO;CTSH;CTXS;DISCA;DISCK;DISH;DLTR;EA;EBAY;ESRX;EXPD;FAST;FISV;FOXA;GILD;GMCR;GOOGL;GRMN;HSIC;ILMN;INTC;INTU;ISRG;JD;KHC;KLAC;LBTYA;LILA;LLTC;LMCA;LMCK;LRCX;MAR;MAT;MDLZ;META;MNST;MSFT;MU;MYL;NFLX;NLOK;NTAP;NVDA;NXPI;ORLY;PAYX;PCAR;QCOM;QRTEA;REGN;ROST;SBAC;SBUX;SIRI;SNDK;SPLS;SRCL;STX;SWKS;TRIP;TSCO;TSLA;TXN;VIAB;VIP;VOD;VRSK;VRTX;WBA;WDC;WFM;WYNN;XLNX;YHOO
2015-10,AAL;AAPL;ADBE;ADI;ADP;ADSK;AKAM;ALTR;ALXN;AMAT;AMGN;AMZN;ATVI;AVGO;BBBY;BIDU;BIIB;BKNG;BMRN;BRCM;CA;CELG;CERN;CHKP;CHRW;CHTR;CMCSA;COST;CSCO;CTSH;CTXS;DISCA;DISCK;DISH;DLTR;EA;EBAY;ESRX;EXPD;FAST;FISV;FOXA;GILD;GMCR;GOOGL;GRMN;HSIC;ILMN;INTC;INTU;ISRG;JD;KHC;KLAC;LBTYA;LILA;LLTC;LMCA;LMCK;LRCX;MAR;MAT;MDLZ;META;MNST;MSFT;MU;MYL;NFLX;NLOK;NTAP;NVDA;NXPI;ORLY;PAYX;PCAR;QCOM;QRTEA;REGN;ROST;SBAC;SBUX;SIRI;SNDK;SPLS;SRCL;STX;SWKS;TRIP;TSCO;TSLA;TXN;VIAB;VIP;VOD;VRSK;VRTX;WBA;WDC;WFM;WYNN;XLNX;YHOO
2015-11,AAL;AAPL;ADBE;ADI;ADP;ADSK;AKAM;ALXN;AMAT;AMGN;AMZN;ATVI;AVGO;BBBY;BIDU;BIIB;BKNG;BMRN;BRCM;CA;CELG;CERN;CHKP;CHRW;CHTR;CMCSA;COST;CSCO;CTSH;CTXS;DISCA;DISCK;DISH;DLTR;EA;EBAY;ESRX;EXPD;FAST;FISV;FOXA;GILD;GMCR;GOOGL;GRMN;HSIC;ILMN;INCY;INTC;INTU;ISRG;JD;KHC;KLAC;LBTYA;LILA;LLTC;LMCA;LMCK;LRCX;MAR;MAT;MDLZ;META;MNST;MSFT;MU;MYL;NFLX;NLOK;NTAP;NVDA;NXPI;ORLY;PAYX;PCAR;QCOM;QRTEA;REGN;ROST;SBAC;SBUX;SIRI;SNDK;SPLS;SRCL;STX;SWKS;TRIP;TSCO;TSLA;TXN;VIAB;VIP;VOD;VRSK;VRTX;WBA;WDC;WFM;WYNN;XLNX;YHOO
2015-12,AAL;AAPL;ADBE;ADI;ADP;ADSK;AKAM;ALXN;AMAT;AMGN;AMZN;ATVI;AVGO;BBBY;BIDU;BIIB;BKNG;BMRN;CA;CELG;CERN;CHKP;CHRW;CHTR;CMCSA;COST;CSCO;CTSH;CTXS;DISCA;DISCK;DISH;DLTR;EA;EBAY;ESRX;EXPD;FAST;FISV;FOXA;GILD;GMCR;GOOGL;GRMN;HSIC;ILMN;INCY;INTC;INTU;ISRG;JD;KHC;KLAC;LBTYA;LILA;LLTC;LMCA;LMCK;LRCX;MAR;MAT;MDLZ;META;MNST;MSFT;MU;MYL;NFLX;NLOK;NTAP;NVDA;NXPI;ORLY;PAYX;PCAR;PYPL;QCOM;QRTEA;REGN;ROST;SBAC;SBUX;SIRI;SNDK;SPLS;SRCL;STX;SWKS;TRIP;TSCO;TSLA;TXN;VIAB;VIP;VOD;VRSK;VRTX;WBA;WDC;WFM;WYNN;XLNX;YHOO
2016-01,AAL;AAPL;ADBE;ADI;ADP;ADSK;AKAM;ALXN;AMAT;AMGN;AMZN;ATVI;AVGO;BBBY;BIDU;BIIB;BKNG;BMRN;CA;CELG;CERN;CHKP;CHTR;CMCSA;COST;CSCO;CTRP;CTSH;CTXS;DISCA;DISCK;DISH;DLTR;EA;EBAY;ENDP;ESRX;EXPE;FAST;FISV;FOXA;GILD;GOOGL;HSIC;ILMN;INCY;INTC;INTU;ISRG;JD;KHC;KLAC;LBTYA;LLTC;LMCA;LMCK;LRCX;MAR;MAT;MDLZ;META;MNST;MSFT;MU;MXIM;MYL;NCLH;NFLX;NLOK;NTAP;NVDA;NXPI;ORLY;PAYX;PCAR;PYPL;QCOM;QRTEA;REGN;ROST;SBAC;SBUX;SIRI;SNDK;SRCL;STX;SWKS;TMUS;TRIP;TSCO;TSLA;TXN;ULTA;VIAB;VOD;VRSK;VRTX;WBA;WDC;WFM;XLNX;YHOO
2016-02,AAL;AAPL;ADBE;ADI;ADP;ADSK;AKAM;ALXN;AMAT;AMGN;AMZN;ATVI;AVGO;BBBY;BIDU;BIIB;BKNG;BMRN;CA;CELG;CERN;CHKP;CHTR;CMCSA;COST;CSCO;CTRP;CTSH;CTXS;DISCA;DISCK;DISH;DLTR;EA;EBAY;ENDP;ESRX;EXPE;FAST;FISV;FOXA;GILD;GOOGL;HSIC;ILMN;INCY;INTC;INTU;ISRG;JD;KHC;KLAC;LBTYA;LLTC;LMCA;LMCK;LRCX;MAR;MAT;MDLZ;META;MNST;MSFT;MU;MXIM;MYL;NCLH;NFLX;NLOK;NTAP;NVDA;NXPI;ORLY;PAYX;PCAR;PYPL;QCOM;QRTEA;REGN;ROST;SBAC;SBUX;SIRI;SNDK;SRCL;STX;SWKS;TMUS;TRIP;TSCO;TSLA;TXN;ULTA;VIAB;VOD;VRSK;VRTX;WBA;WDC;WFM;XLNX;YHOO
2016-03,AAL;AAPL;ADBE;ADI;ADP;ADSK;AKAM;ALXN;AMAT;AMGN;AMZN;ATVI;AVGO;BBBY;BIDU;BIIB;BKNG;BMRN;CA;CELG;CERN;CHKP;CHTR;CMCSA;COST;CSCO;CSX;CTRP;CTSH;CTXS;DISCA;DISCK;DISH;DLTR;EA;EBAY;ENDP;ESRX;EXPE;FAST;FISV;FOXA;GILD;GOOGL;HSIC;ILMN;INCY;INTC;INTU;ISRG;JD;KHC;LBTYA;LLTC;LMCA;LMCK;LRCX;MAR;MAT;MDLZ;META;MNST;MSFT;MU;MXIM;MYL;NCLH;NFLX;NLOK;NTAP;NVDA;NXPI;ORLY;PAYX;PCAR;PYPL;QCOM;QRTEA;REGN;ROST;SBAC;SBUX;SIRI;SNDK;SRCL;STX;SWKS;TMUS;TRIP;TSCO;TSLA;TXN;ULTA;VIAB;VOD;VRSK;VRTX;WBA;WDC;WFM;XLNX;YHOO
2016-04,AAL;AAPL;ADBE;ADI;ADP;ADSK;AKAM;ALXN;AMAT;AMGN;AMZN;ATVI;AVGO;BBBY;BIDU;BIIB;BKNG;BMRN;CA;CELG;CERN;CHKP;CHTR;CMCSA;COST;CSCO;CSX;CTRP;CTSH;CTXS;DISCA;DISCK;DISH;DLTR;EA;EBAY;ENDP;ESRX;EXPE;FAST;FISV;FOXA;GILD;GOOGL;HSIC;ILMN;INCY;INTC;INTU;ISRG;JD;KHC;LBTYA;LLTC;LMCA;LMCK;LRCX;MAR;MAT;MDLZ;META;MNST;MSFT;MU;MXIM;MYL;NCLH;NFLX;NLOK;NTAP;NTES;NVDA;NXPI;ORLY;PAYX;PCAR;PYPL;QCOM;QRTEA;REGN;ROST;SBAC;SBUX;SIRI;SRCL;STX;SWKS;TMUS;TRIP;TSCO;TSLA;TXN;ULTA;VIAB;VOD;VRSK;VRTX;WBA;WDC;WFM;XLNX;YHOO
2016-05,AAL;AAPL;ADBE;ADI;ADP;ADSK;AKAM;ALXN;AMAT;AMGN;AMZN;ATVI;AVGO;BATRA;BATRK;BBBY;BIDU;BIIB;BKNG;BMRN;CA;CELG;CERN;CHKP;CHTR;CMCSA;COST;CSCO;CSX;CTRP;CTSH;CTXS;DISCA;DISCK;DISH;DLTR;EA;EBAY;ENDP;ESRX;EXPE;FAST;FISV;FOXA;GILD;GOOGL;HSIC;ILMN;INCY;INTC;INTU;ISRG;JD;KHC;LBTYA;LLTC;LMCA;LMCK;LRCX;MAR;MAT;MDLZ;META;MNST;MSFT;MU;MXIM;MYL;NCLH;NFLX;NLOK;NTAP;NTES;NVDA;NXPI;ORLY;PAYX;PCAR;PYPL;QCOM;QRTEA;REGN;ROST;SBAC;SBUX;SIRI;SRCL;STX;SWKS;TMUS;TRIP;TSCO;TSLA;TXN;ULTA;VIAB;VOD;VRSK;VRTX;WBA;WDC;WFM;XLNX;YHOO
2016-06,AAL;AAPL;ADBE;ADI;ADP;ADSK;AKAM;ALXN;AMAT;AMGN;AMZN;ATVI;AVGO;BATRA;BATRK;BBBY;BIDU;BIIB;BKNG;BMRN;CA;CELG;CERN;CHKP;CHTR;CMCSA;COST;CSCO;CSX;CTRP;CTSH;CTXS;DISCA;DISCK;DISH;DLTR;EA;EBAY;ENDP;ESRX;EXPE;FAST;FISV;FOXA;GILD;GOOGL;HSIC;ILMN;INCY;INTC;INTU;ISRG;JD;KHC;LBTYA;LLTC;LMCA;LMCK;LRCX;MAR;MAT;MDLZ;META;MNST;MSFT;MU;MXIM;MYL;NCLH;NFLX;NLOK;NTAP;NTES;NVDA;NXPI;ORLY;PAYX;PCAR;PYPL;QCOM;QRTEA;REGN;ROST;SBAC;SBUX;SIRI;SRCL;STX;SWKS;TMUS;TRIP;TSCO;TSLA;TXN;ULTA;VIAB;VOD;VRSK;VRTX;WBA;WDC;WFM;XLNX;YHOO
2016-07,AAL;AAPL;ADBE;ADI;ADP;ADSK;AKAM;ALXN;AMAT;AMGN;AMZN;ATVI;AVGO;BBBY;BIDU;BIIB;BKNG;BMRN;CA;CELG;CERN;CHKP;CHTR;CMCSA;COST;CSCO;CSX;CTRP;CTSH;CTXS;DISCA;DISCK;DISH;DLTR;EA;EBAY;ENDP;ESRX;EXPE;FAST;FISV;FOXA;GILD;GOOGL;HSIC;ILMN;INCY;INTC;INTU;ISRG;JD;KHC;LBTYA;LLTC;LRCX;MAR;MAT;MDLZ;META;MNST;MSFT;MU;MXIM;MYL;NCLH;NFLX;NLOK;NTAP;NTES;NVDA;NXPI;ORLY;PAYX;PCAR;PYPL;QCOM;QRTEA;REGN;ROST;SBAC;SBUX;SIRI;SRCL;STX;SWKS;TMUS;TRIP;TSCO;TSLA;TXN;ULTA;VIAB;VOD;VRSK;VRTX;WBA;WDC;WFM;XLNX;XRAY;YHOO
2016-08,AAL;AAPL;ADBE;ADI;ADP;ADSK;AKAM;ALXN;AMAT;AMGN;AMZN;ATVI;AVGO;BBBY;BIDU;BIIB;BKNG;BMRN;CA;CELG;CERN;CHKP;CHTR;CMCSA;COST;CSCO;CSX;CTRP;CTSH;CTXS;DISCA;DISCK;DISH;DLTR;EA;EBAY;ESRX;EXPE;FAST;FISV;FOXA;GILD;GOOGL;HSIC;ILMN;INCY;INTC;INTU;ISRG;JD;KHC;LBTYA;LLTC;LRCX;MAR;MAT;MCHP;MDLZ;META;MNST;MSFT;MU;MXIM;MYL;NCLH;NFLX;NLOK;NTAP;NTES;NVDA;NXPI;ORLY;PAYX;PCAR;PYPL;QCOM;QRTEA;REGN;ROST;SBAC;SBUX;SIRI;SRCL;STX;SWKS;TMUS;TRIP;TSCO;TSLA;TXN;ULTA;VIAB;VOD;VRSK;VRTX;WBA;WDC;WFM;XLNX;XRAY;YHOO
2016-09,AAL;AAPL;ADBE;ADI;ADP;ADSK;AKAM;ALXN;AMAT;AMGN;AMZN;ATVI;AVGO;BBBY;BIDU;BIIB;BKNG;BMRN;CA;CELG;CERN;CHKP;CHTR;CMCSA;COST;CSCO;CSX;CTRP;CTSH;CTXS;DISCA;DISCK;DISH;DLTR;EA;EBAY;ESRX;EXPE;FAST;FISV;FOXA;GILD;GOOGL;HSIC;ILMN;INCY;INTC;INTU;ISRG;JD;KHC;LBTYA;LLTC;LRCX;MAR;MAT;MCHP;MDLZ;META;MNST;MSFT;MU;MXIM;MYL;NCLH;NFLX;NLOK;NTAP;NTES;NVDA;NXPI;ORLY;PAYX;PCAR;PYPL;QCOM;QRTEA;REGN;ROST;SBAC;SBUX;SIRI;SRCL;STX;SWKS;TMUS;TRIP;TSCO;TSLA;TXN;ULTA;VIAB;VOD;VRSK;VRTX;WBA;WDC;WFM;XLNX;XRAY;YHOO
2016-10,AAL;AAPL;ADBE;ADI;ADP;ADSK;AKAM;ALXN;AMAT;AMGN;AMZN;ATVI;AVGO;BBBY;BIDU;BIIB;BKNG;BMRN;CA;CELG;CERN;CHKP;CHTR;CMCSA;COST;CSCO;CSX;CTRP;CTSH;CTXS;DISCA;DISCK;DISH;DLTR;EA;EBAY;ESRX;EXPE;FAST;FISV;FOXA;GILD;GOOGL;HSIC;ILMN;INCY;INTC;INTU;ISRG;JD;KHC;LBTYA;LLTC;LRCX;MAR;MAT;MCHP;MDLZ;META;MNST;MSFT;MU;MXIM;MYL;NCLH;NFLX;NLOK;NTAP;NTES;NVDA;NXPI;ORLY;PAYX;PCAR;PYPL;QCOM;QRTEA;REGN;ROST;SBAC;SBUX;SIRI;SRCL;STX;SWKS;TMUS;TRIP;TSCO;TSLA;TXN;ULTA;VIAB;VOD;VRSK;VRTX;WBA;WDC;WFM;XLNX;XRAY;YHOO
2016-11,AAL;AAPL;ADBE;ADI;ADP;ADSK;AKAM;ALXN;AMAT;AMGN;AMZN;ATVI;AVGO;BBBY;BIDU;BIIB;BKNG;BMRN;CA;CELG;CERN;CHKP;CHTR;CMCSA;COST;CSCO;CSX;CTRP;CTSH;CTXS;DISCA;DISCK;DISH;DLTR;EA;EBAY;ESRX;EXPE;FAST;FISV;FOXA;GILD;GOOGL;HSIC;ILMN;INCY;INTC;INTU;ISRG;JD;KHC;LBTYA;LRCX;MAR;MAT;MCHP;MDLZ;META;MNST;MSFT;MU;MXIM;MYL;NCLH;NFLX;NLOK;NTAP;NTES;NVDA;NXPI;ORLY;PAYX;PCAR;PYPL;QCOM;QRTEA;REGN;ROST;SBAC;SBUX;SHPG;SIRI;SRCL;STX;SWKS;TMUS;TRIP;TSCO;TSLA;TXN;ULTA;VIAB;VOD;VRSK;VRTX;WBA;WDC;WFM;XLNX;XRAY;YHOO
2016-12,AAL;AAPL;ADBE;ADI;ADP;ADSK;AKAM;ALXN;AMAT;AMGN;AMZN;ATVI;AVGO;BBBY;BIDU;BIIB;BKNG;BMRN;CA;CELG;CERN;CHKP;CHTR;CMCSA;COST;CSCO;CSX;CTRP;CTSH;CTXS;DISCA;DISCK;DISH;DLTR;EA;EBAY;ESRX;EXPE;FAST;FISV;FOXA;GILD;GOOGL;HSIC;ILMN;INCY;INTC;INTU;ISRG;JD;KHC;LBTYA;LRCX;MAR;MAT;MCHP;MDLZ;META;MNST;MSFT;MU;MXIM;MYL;NCLH;NFLX;NLOK;NTAP;NTES;NVDA;NXPI;ORLY;PAYX;PCAR;PYPL;QCOM;QRTEA;REGN;ROST;SBAC;SBUX;SHPG;SIRI;SRCL;STX;SWKS;TMUS;TRIP;TSCO;TSLA;TXN;ULTA;VIAB;VOD;VRSK;VRTX;WBA;WDC;WFM;XLNX;XRAY;YHOO
2017-01,AAL;AAPL;ADBE;ADI;ADP;ADSK;AKAM;ALXN;AMAT;AMGN;AMZN;ATVI;AVGO;BIDU;BIIB;BKNG;BMRN;CA;CELG;CERN;CHKP;CHTR;CMCSA;COST;CSCO;CSX;CTAS;CTRP;CTSH;CTXS;DISCA;DISCK;DISH;DLTR;EA;EBAY;ESRX;EXPE;FAST;FISV;FOXA;GILD;GOOGL;HAS;HOLX;HSIC;ILMN;INCY;INTC;INTU;ISRG;JD;KHC;KLAC;LBTYA;LRCX;MAR;MAT;MCHP;MDLZ;META;MNST;MSFT;MU;MXIM;MYL;NCLH;NFLX;NLOK;NTES;NVDA;NXPI;ORLY;PAYX;PCAR;PYPL;QCOM;QRTEA;REGN;ROST;SBAC;SBUX;SHPG;SIRI;STX;SWKS;TMUS;TRIP;TSCO;TSLA;TXN;ULTA;VIAB;VOD;VRSK;VRTX;WBA;WDC;XLNX;XRAY;YHOO
2017-02,AAL;AAPL;ADBE;ADI;ADP;ADSK;AKAM;ALXN;AMAT;AMGN;AMZN;ATVI;AVGO;BIDU;BIIB;BKNG;BMRN;CA;CELG;CERN;CHKP;CHTR;CMCSA;COST;CSCO;CSX;CTAS;CTRP;CTSH;CTXS;DISCA;DISCK;DISH;DLTR;EA;EBAY;ESRX;EXPE;FAST;FISV;FOXA;GILD;GOOGL;HAS;HOLX;HSIC;ILMN;INCY;INTC;INTU;ISRG;JD;KHC;KLAC;LBTYA;LRCX;MAR;MAT;MCHP;MDLZ;META;MNST;MSFT;MU;MXIM;MYL;NCLH;NFLX;NLOK;NTES;NVDA;NXPI;ORLY;PAYX;PCAR;PYPL;QCOM;QRTEA;REGN;ROST;SBAC;SBUX;SHPG;SIRI;STX;SWKS;TMUS;TRIP;TSCO;TSLA;TXN;ULTA;VIAB;VOD;VRSK;VRTX;WBA;WDC;XLNX;XRAY;YHOO
2017-03,AAL;AAPL;ADBE;ADI;ADP;ADSK;AKAM;ALXN;AMAT;AMGN;AMZN;ATVI;AVGO;BIDU;BIIB;BKNG;BMRN;CA;CELG;CERN;CHKP;CHTR;CMCSA;COST;CSCO;CSX;CTAS;CTRP;CTSH;CTXS;DISCA;DISCK;DISH;DLTR;EA;EBAY;ESRX;EXPE;FAST;FISV;FOXA;GILD;GOOGL;HAS;HOLX;HSIC;ILMN;INCY;INTC;INTU;ISRG;JBHT;JD;KHC;KLAC;LBTYA;LRCX;MAR;MAT;MCHP;MDLZ;META;MNST;MSFT;MU;MXIM;MYL;NCLH;NFLX;NLOK;NTES;NVDA;ORLY;PAYX;PCAR;PYPL;QCOM;QRTEA;REGN;ROST;SBAC;SBUX;SHPG;SIRI;STX;SWKS;TMUS;TRIP;TSCO;TSLA;TXN;ULTA;VIAB;VOD;VRSK;VRTX;WBA;WDC;XLNX;XRAY;YHOO
2017-04,AAL;AAPL;ADBE;ADI;ADP;ADSK;AKAM;ALXN;AMAT;AMGN;AMZN;ATVI;AVGO;BIDU;BIIB;BKNG;BMRN;CA;CELG;CERN;CHKP;CHTR;CMCSA;COST;CSCO;CSX;CTAS;CTRP;CTSH;CTXS;DISCA;DISCK;DISH;DLTR;EA;EBAY;ESRX;EXPE;FAST;FISV;FOXA;GILD;GOOGL;HAS;HOLX;HSIC;IDXX;ILMN;INCY;INTC;INTU;ISRG;JBHT;JD;KHC;KLAC;LBTYA;LRCX;MAR;MAT;MCHP;MDLZ;META;MNST;MSFT;MU;MXIM;MYL;NCLH;NFLX;NLOK;NTES;NVDA;ORLY;PAYX;PCAR;PYPL;QCOM;QRTEA;REGN;ROST;SBUX;SHPG;SIRI;STX;SWKS;TMUS;TRIP;TSCO;TSLA;TXN;ULTA;VIAB;VOD;VRSK;VRTX;WBA;WDC;XLNX;XRAY;YHOO
2017-05,AAL;AAPL;ADBE;ADI;ADP;ADSK;AKAM;ALXN;AMAT;AMGN;AMZN;ATVI;AVGO;BIDU;BIIB;BKNG;BMRN;CA;CELG;CERN;CHKP;CHTR;CMCSA;COST;CSCO;CSX;CTAS;CTRP;CTSH;CTXS;DISCA;DISCK;DISH;DLTR;EA;EBAY;ESRX;EXPE;FAST;FISV;FOXA;GILD;GOOGL;HAS;HOLX;HSIC;IDXX;ILMN;INCY;INTC;INTU;ISRG;JBHT;JD;KHC;KLAC;LBTYA;LRCX;MAR;MAT;MCHP;MDLZ;META;MNST;MSFT;MU;MXIM;MYL;NCLH;NFLX;NLOK;NTES;NVDA;ORLY;PAYX;PCAR;PYPL;QCOM;QRTEA;REGN;ROST;SBUX;SHPG;SIRI;STX;SWKS;TMUS;TSCO;TSLA;TXN;ULTA;VIAB;VOD;VRSK;VRTX;WBA;WDC;WYNN;XLNX;XRAY;YHOO
2017-06,AAL;AAPL;ADBE;ADI;ADP;ADSK;AKAM;ALXN;AMAT;AMGN;AMZN;ATVI;AVGO;BIDU;BIIB;BKNG;BMRN;CA;CELG;CERN;CHKP;CHTR;CMCSA;COST;CSCO;CSX;CTAS;CTRP;CTSH;CTXS;DISCA;DISCK;DISH;DLTR;EA;EBAY;ESRX;EXPE;FAST;FISV;FOXA;GILD;GOOGL;HAS;HOLX;HSIC;IDXX;ILMN;INCY;INTC;INTU;ISRG;JBHT;JD;KHC;KLAC;LBTYA;LRCX;MAR;MAT;MCHP;MDLZ;META;MNST;MSFT;MU;MXIM;MYL;NCLH;NFLX;NLOK;NTES;NVDA;ORLY;PAYX;PCAR;PYPL;QCOM;QRTEA;REGN;ROST;SBUX;SHPG;SIRI;STX;SWKS;TMUS;TSCO;TSLA;TXN;ULTA;VIAB;VOD;VRSK;VRTX;WBA;WDC;WYNN;XLNX;XRAY;YHOO
2017-07,AAL;AAPL;ADBE;ADI;ADP;ADSK;AKAM;ALXN;AMAT;AMGN;AMZN;ATVI;AVGO;BIDU;BIIB;BKNG;BMRN;CA;CELG;CERN;CHKP;CHTR;CMCSA;COST;CSCO;CSX;CTAS;CTRP;CTSH;CTXS;DISCA;DISCK;DISH;DLTR;EA;EBAY;ESRX;EXPE;FAST;FISV;FOXA;GILD;GOOGL;HAS;HOLX;HSIC;IDXX;ILMN;INCY;INTC;INTU;ISRG;JBHT;JD;KHC;KLAC;LBTYA;LRCX;MAR;MAT;MCHP;MDLZ;MELI;META;MNST;MSFT;MU;MXIM;MYL;NCLH;NFLX;NLOK;NTES;NVDA;ORLY;PAYX;PCAR;PYPL;QCOM;QRTEA;REGN;ROST;SBUX;SHPG;SIRI;STX;SWKS;TMUS;TSCO;TSLA;TXN;ULTA;VIAB;VOD;VRSK;VRTX;WBA;WDC;WYNN;XLNX;XRAY
2017-08,AAL;AAPL;ADBE;ADI;ADP;ADSK;AKAM;ALXN;AMAT;AMGN;AMZN;ATVI;AVGO;BIDU;BIIB;BKNG;BMRN;CA;CELG;CERN;CHKP;CHTR;CMCSA;COST;CSCO;CSX;CTAS;CTRP;CTSH;CTXS;DISCA;DISCK;DISH;DLTR;EA;EBAY;ESRX;EXPE;FAST;FISV;FOXA;GILD;GOOGL;HAS;HOLX;HSIC;IDXX;ILMN;INCY;INTC;INTU;ISRG;JBHT;JD;KHC;KLAC;LBTYA;LRCX;MAR;MAT;MCHP;MDLZ;MELI;META;MNST;MSFT;MU;MXIM;MYL;NCLH;NFLX;NLOK;NTES;NVDA;ORLY;PAYX;PCAR;PYPL;QCOM;QRTEA;REGN;ROST;SBUX;SHPG;SIRI;STX;SWKS;TMUS;TSCO;TSLA;TXN;ULTA;VIAB;VOD;VRSK;VRTX;WBA;WDC;WYNN;XLNX;XRAY
2017-09,AAL;AAPL;ADBE;ADI;ADP;ADSK;AKAM;ALXN;AMAT;AMGN;AMZN;ATVI;AVGO;BIDU;BIIB;BKNG;BMRN;CA;CELG;CERN;CHKP;CHTR;CMCSA;COST;CSCO;CSX;CTAS;CTRP;CTSH;CTXS;DISCA;DISCK;DISH;DLTR;EA;EBAY;ESRX;EXPE;FAST;FISV;FOXA;GILD;GOOGL;HAS;HOLX;HSIC;IDXX;ILMN;INCY;INTC;INTU;ISRG;JBHT;JD;KHC;KLAC;LBTYA;LRCX;MAR;MAT;MCHP;MDLZ;MELI;META;MNST;MSFT;MU;MXIM;MYL;NCLH;NFLX;NLOK;NTES;NVDA;ORLY;PAYX;PCAR;PYPL;QCOM;QRTEA;REGN;ROST;SBUX;SHPG;SIRI;STX;SWKS;TMUS;TSCO;TSLA;TXN;ULTA;VIAB;VOD;VRSK;VRTX;WBA;WDC;WYNN;XLNX;XRAY
2017-10,AAL;AAPL;ADBE;ADI;ADP;ADSK;AKAM;ALXN;AMAT;AMGN;AMZN;ATVI;AVGO;BIDU;BIIB;BKNG;BMRN;CA;CELG;CERN;CHKP;CHTR;CMCSA;COST;CSCO;CSX;CTAS;CTRP;CTSH;CTXS;DISCA;DISCK;DISH;DLTR;EA;EBAY;ESRX;EXPE;FAST;FISV;FOXA;GILD;GOOGL;HAS;HOLX;HSIC;IDXX;ILMN;INCY;INTC;INTU;ISRG;JBHT;JD;KHC;KLAC;LBTYA;LRCX;MAR;MAT;MCHP;MDLZ;MELI;META;MNST;MSFT;MU;MXIM;MYL;NCLH;NFLX;NLOK;NTES;NVDA;ORLY;PAYX;PCAR;PYPL;QCOM;QRTEA;REGN;ROST;SBUX;SHPG;SIRI;STX;SWKS;TMUS;TSCO;TSLA;TXN;ULTA;VIAB;VOD;VRSK;VRTX;WBA;WDC;WYNN;XLNX;XRAY
2017-11,AAL;AAPL;ADBE;ADI;ADP;ADSK;AKAM;ALGN;ALXN;AMAT;AMGN;AMZN;ATVI;AVGO;BIDU;BIIB;BKNG;BMRN;CA;CELG;CERN;CHKP;CHTR;CMCSA;COST;CSCO;CSX;CTAS;CTRP;CTSH;CTXS;DISCA;DISCK;DISH;DLTR;EA;EBAY;ESRX;EXPE;FAST;FISV;FOXA;GILD;GOOGL;HAS;HOLX;HSIC;IDXX;ILMN;INCY;INTC;INTU;ISRG;JBHT;JD;KHC;KLAC;LBTYA;LRCX;MAR;MCHP;MDLZ;MELI;META;MNST;MSFT;MU;MXIM;MYL;NCLH;NFLX;NLOK;NTES;NVDA;ORLY;PAYX;PCAR;PYPL;QCOM;QRTEA;REGN;ROST;SBUX;SHPG;SIRI;STX;SWKS;TMUS;TSCO;TSLA;TXN;ULTA;VIAB;VOD;VRSK;VRTX;WBA;WDC;WYNN;XLNX;XRAY
2017-12,AAL;AAPL;ADBE;ADI;ADP;ADSK;AKAM;ALGN;ALXN;AMAT;AMGN;AMZN;ATVI;AVGO;BIDU;BIIB;BKNG;BMRN;CA;CELG;CERN;CHKP;CHTR;CMCSA;COST;CSCO;CSX;CTAS;CTRP;CTSH;CTXS;DISCA;DISCK;DISH;DLTR;EA;EBAY;ESRX;EXPE;FAST;FISV;FOXA;GILD;GOOGL;HAS;HOLX;HSIC;IDXX;ILMN;INCY;INTC;INTU;ISRG;JBHT;JD;KHC;KLAC;LBTYA;LRCX;MAR;MCHP;MDLZ;MELI;META;MNST;MSFT;MU;MXIM;MYL;NCLH;NFLX;NLOK;NTES;NVDA;ORLY;PAYX;PCAR;PYPL;QCOM;QRTEA;REGN;ROST;SBUX;SHPG;SIRI;STX;SWKS;TMUS;TSCO;TSLA;TXN;ULTA;VIAB;VOD;VRSK;VRTX;WBA;WDC;WYNN;XLNX;XRAY
2018-01,AAL;AAPL;ADBE;ADI;ADP;ADSK;ALGN;ALXN;AMAT;AMGN;AMZN;ASML;ATVI;AVGO;BIDU;BIIB;BKNG;BMRN;CA;CDNS;CELG;CERN;CHKP;CHTR;CMCSA;COST;CSCO;CSX;CTAS;CTRP;CTSH;CTXS;DISH;DLTR;EA;EBAY;ESRX;EXPE;FAST;FISV;FOXA;GILD;GOOGL;HAS;HOLX;HSIC;IDXX;ILMN;INCY;INTC;INTU;ISRG;JBHT;JD;KHC;KLAC;LBTYA;LRCX;MAR;MCHP;MDLZ;MELI;META;MNST;MSFT;MU;MXIM;MYL;NFLX;NLOK;NTES;NVDA;ORLY;PAYX;PCAR;PYPL;QCOM;QRTEA;REGN;ROST;SBUX;SHPG;SIRI;SNPS;STX;SWKS;TMUS;TSLA;TTWO;TXN;ULTA;VOD;VRSK;VRTX;WBA;WDAY;WDC;WYNN;XLNX;XRAY
2018-02,AAL;AAPL;ADBE;ADI;ADP;ADSK;ALGN;ALXN;AMAT;AMGN;AMZN;ASML;ATVI;AVGO;BIDU;BIIB;BKNG;BMRN;CA;CDNS;CELG;CERN;CHKP;CHTR;CMCSA;COST;CSCO;CSX;CTAS;CTRP;CTSH;CTXS;DISH;DLTR;EA;EBAY;ESRX;EXPE;FAST;FISV;FOXA;GILD;GOOGL;HAS;HOLX;HSIC;IDXX;ILMN;INCY;INTC;INTU;ISRG;JBHT;JD;KHC;KLAC;LBTYA;LRCX;MAR;MCHP;MDLZ;MELI;META;MNST;MSFT;MU;MXIM;MYL;NFLX;NLOK;NTES;NVDA;ORLY;PAYX;PCAR;PYPL;QCOM;QRTEA;REGN;ROST;SBUX;SHPG;SIRI;SNPS;STX;SWKS;TMUS;TSLA;TTWO;TXN;ULTA;VOD;VRSK;VRTX;WBA;WDAY;WDC;WYNN;XLNX;XRAY
2018-03,AAL;AAPL;ADBE;ADI;ADP;ADSK;ALGN;ALXN;AMAT;AMGN;AMZN;ASML;ATVI;AVGO;BIDU;BIIB;BKNG;BMRN;CA;CDNS;CELG;CERN;CHKP;CHTR;CMCSA;COST;CSCO;CSX;CTAS;CTRP;CTSH;CTXS;DISH;DLTR;EA;EBAY;ESRX;EXPE;FAST;FISV;FOXA;GILD;GOOGL;HAS;HOLX;HSIC;IDXX;ILMN;INCY;INTC;INTU;ISRG;JBHT;JD;KHC;KLAC;LBTYA;LRCX;MAR;MCHP;MDLZ;MELI;META;MNST;MSFT;MU;MXIM;MYL;NFLX;NLOK;NTES;NVDA;ORLY;PAYX;PCAR;PYPL;QCOM;QRTEA;REGN;ROST;SBUX;SHPG;SIRI;SNPS;STX;SWKS;TMUS;TSLA;TTWO;TXN;ULTA;VOD;VRSK;VRTX;WBA;WDAY;WDC;WYNN;XLNX;XRAY
2018-04,AAL;AAPL;ADBE;ADI;ADP;ADSK;ALGN;ALXN;AMAT;AMGN;AMZN;ASML;ATVI;AVGO;BIDU;BIIB;BKNG;BMRN;CA;CDNS;CELG;CERN;CHKP;CHTR;CMCSA;COST;CSCO;CSX;CTAS;CTRP;CTSH;CTXS;DISH;DLTR;EA;EBAY;ESRX;EXPE;FAST;FISV;FOXA;GILD;GOOGL;HAS;HOLX;HSIC;IDXX;ILMN;INCY;INTC;INTU;ISRG;JBHT;JD;KHC;KLAC;LBTYA;LRCX;MAR;MCHP;MDLZ;MELI;META;MNST;MSFT;MU;MXIM;MYL;NFLX;NLOK;NTES;NVDA;ORLY;PAYX;PCAR;PYPL;QCOM;QRTEA;REGN;ROST;SBUX;SHPG;SIRI;SNPS;STX;SWKS;TMUS;TSLA;TTWO;TXN;ULTA;VOD;VRSK;VRTX;WBA;WDAY;WDC;WYNN;XLNX;XRAY
2018-05,AAL;AAPL;ADBE;ADI;ADP;ADSK;ALGN;ALXN;AMAT;AMGN;AMZN;ASML;ATVI;AVGO;BIDU;BIIB;BKNG;BMRN;CA;CDNS;CELG;CERN;CHKP;CHTR;CMCSA;COST;CSCO;CSX;CTAS;CTRP;CTSH;CTXS;DISH;DLTR;EA;EBAY;ESRX;EXPE;FAST;FISV;FOXA;GILD;GOOGL;HAS;HOLX;HSIC;IDXX;ILMN;INCY;INTC;INTU;ISRG;JBHT;JD;KHC;KLAC;LBTYA;LRCX;MAR;MCHP;MDLZ;MELI;META;MNST;MSFT;MU;MXIM;MYL;NFLX;NLOK;NTES;NVDA;ORLY;PAYX;PCAR;PYPL;QCOM;QRTEA;REGN;ROST;SBUX;SHPG;SIRI;SNPS;STX;SWKS;TMUS;TSLA;TTWO;TXN;ULTA;VOD;VRSK;VRTX;WBA;WDAY;WDC;WYNN;XLNX;XRAY
2018-06,AAL;AAPL;ADBE;ADI;ADP;ADSK;ALGN;ALXN;AMAT;AMGN;AMZN;ASML;ATVI;AVGO;BIDU;BIIB;BKNG;BMRN;CA;CDNS;CELG;CERN;CHKP;CHTR;CMCSA;COST;CSCO;CSX;CTAS;CTRP;CTSH;CTXS;DISH;DLTR;EA;EBAY;ESRX;EXPE;FAST;FISV;FOXA;GILD;GOOGL;HAS;HOLX;HSIC;IDXX;ILMN;INCY;INTC;INTU;ISRG;JBHT;JD;KHC;KLAC;LBTYA;LRCX;MAR;MCHP;MDLZ;MELI;META;MNST;MSFT;MU;MXIM;MYL;NFLX;NLOK;NTES;NVDA;ORLY;PAYX;PCAR;PYPL;QCOM;QRTEA;REGN;ROST;SBUX;SHPG;SIRI;SNPS;STX;SWKS;TMUS;TSLA;TTWO;TXN;ULTA;VOD;VRSK;VRTX;WBA;WDAY;WDC;WYNN;XLNX;XRAY
2018-07,AAL;AAPL;ADBE;ADI;ADP;ADSK;ALGN;ALXN;AMAT;AMGN;AMZN;ASML;ATVI;AVGO;BIDU;BIIB;BKNG;BMRN;CA;CDNS;CELG;CERN;CHKP;CHTR;CMCSA;COST;CSCO;CSX;CTAS;CTRP;CTSH;CTXS;DISH;DLTR;EA;EBAY;ESRX;EXPE;FAST;FISV;FOXA;GILD;GOOGL;HAS;HOLX;HSIC;IDXX;ILMN;INCY;INTC;INTU;ISRG;JBHT;JD;KHC;KLAC;LBTYA;LRCX;MAR;MCHP;MDLZ;MELI;META;MNST;MSFT;MU;MXIM;MYL;NFLX;NLOK;NTES;NVDA;ORLY;PAYX;PCAR;PYPL;QCOM;QRTEA;REGN;ROST;SBUX;SHPG;SIRI;SNPS;STX;SWKS;TMUS;TSLA;TTWO;TXN;ULTA;VOD;VRSK;VRTX;WBA;WDAY;WDC;WYNN;XLNX;XRAY
2018-08,AAL;AAPL;ADBE;ADI;ADP;ADSK;ALGN;ALXN;AMAT;AMGN;AMZN;ASML;ATVI;AVGO;BIDU;BIIB;BKNG;BMRN;CA;CDNS;CELG;CERN;CHKP;CHTR;CMCSA;COST;CSCO;CSX;CTAS;CTRP;CTSH;CTXS;DLTR;EA;EBAY;ESRX;EXPE;FAST;FISV;FOXA;GILD;GOOGL;HAS;HOLX;HSIC;IDXX;ILMN;INCY;INTC;INTU;ISRG;JBHT;JD;KHC;KLAC;LBTYA;LRCX;MAR;MCHP;MDLZ;MELI;META;MNST;MSFT;MU;MXIM;MYL;NFLX;NLOK;NTES;NVDA;ORLY;PAYX;PCAR;PEP;PYPL;QCOM;QRTEA;REGN;ROST;SBUX;SHPG;SIRI;SNPS;STX;SWKS;TMUS;TSLA;TTWO;TXN;ULTA;VOD;VRSK;VRTX;WBA;WDAY;WDC;WYNN;XLNX;XRAY
2018-09,AAL;AAPL;ADBE;ADI;ADP;ADSK;ALGN;ALXN;AMAT;AMGN;AMZN;ASML;ATVI;AVGO;BIDU;BIIB;BKNG;BMRN;CA;CDNS;CELG;CERN;CHKP;CHTR;CMCSA;COST;CSCO;CSX;CTAS;CTRP;CTSH;CTXS;DLTR;EA;EBAY;ESRX;EXPE;FAST;FISV;FOXA;GILD;GOOGL;HAS;HOLX;HSIC;IDXX;ILMN;INCY;INTC;INTU;ISRG;JBHT;JD;KHC;KLAC;LBTYA;LRCX;MAR;MCHP;MDLZ;MELI;META;MNST;MSFT;MU;MXIM;MYL;NFLX;NLOK;NTES;NVDA;ORLY;PAYX;PCAR;PEP;PYPL;QCOM;QRTEA;REGN;ROST;SBUX;SHPG;SIRI;SNPS;STX;SWKS;TMUS;TSLA;TTWO;TXN;ULTA;VOD;VRSK;VRTX;WBA;WDAY;WDC;WYNN;XLNX;XRAY
2018-10,AAL;AAPL;ADBE;ADI;ADP;ADSK;ALGN;ALXN;AMAT;AMGN;AMZN;ASML;ATVI;AVGO;BIDU;BIIB;BKNG;BMRN;CA;CDNS;CELG;CERN;CHKP;CHTR;CMCSA;COST;CSCO;CSX;CTAS;CTRP;CTSH;CTXS;DLTR;EA;EBAY;ESRX;EXPE;FAST;FISV;FOXA;GILD;GOOGL;HAS;HOLX;HSIC;IDXX;ILMN;INCY;INTC;INTU;ISRG;JBHT;JD;KHC;KLAC;LBTYA;LRCX;MAR;MCHP;MDLZ;MELI;META;MNST;MSFT;MU;MXIM;MYL;NFLX;NLOK;NTES;NVDA;ORLY;PAYX;PCAR;PEP;PYPL;QCOM;QRTEA;REGN;ROST;SBUX;SHPG;SIRI;SNPS;STX;SWKS;TMUS;TSLA;TTWO;TXN;ULTA;VOD;VRSK;VRTX;WBA;WDAY;WDC;WYNN;XLNX;XRAY
2018-11,AAL;AAPL;ADBE;ADI;ADP;ADSK;ALGN;ALXN;AMAT;AMGN;AMZN;ASML;ATVI;AVGO;BIDU;BIIB;BKNG;BMRN;CA;CDNS;CELG;CERN;CHKP;CHTR;CMCSA;COST;CSCO;CSX;CTAS;CTRP;CTSH;CTXS;DLTR;EA;EBAY;ESRX;EXPE;FAST;FISV;FOXA;GILD;GOOGL;HAS;HOLX;HSIC;IDXX;ILMN;INCY;INTC;INTU;ISRG;JBHT;JD;KHC;KLAC;LBTYA;LRCX;MAR;MCHP;MDLZ;MELI;META;MNST;MSFT;MU;MXIM;MYL;NFLX;NLOK;NTES;NVDA;ORLY;PAYX;PCAR;PEP;PYPL;QCOM;QRTEA;REGN;ROST;SBUX;SHPG;SIRI;SNPS;STX;SWKS;TMUS;TSLA;TTWO;TXN;ULTA;VOD;VRSK;VRTX;WBA;WDAY;WDC;WYNN;XLNX;XRAY
2018-12,AAL;AAPL;ADBE;ADI;ADP;ADSK;ALGN;ALXN;AMAT;AMGN;AMZN;ASML;ATVI;AVGO;BIDU;BIIB;BKNG;BMRN;CDNS;CELG;CERN;CHKP;CHTR;CMCSA;COST;CSCO;CSX;CTAS;CTRP;CTSH;CTXS;DLTR;EA;EBAY;ESRX;EXPE;FAST;FISV;FOXA;GILD;GOOGL;HAS;HOLX;HSIC;IDXX;ILMN;INCY;INTC;INTU;ISRG;JBHT;JD;KHC;KLAC;LBTYA;LRCX;MAR;MCHP;MDLZ;MELI;META;MNST;MSFT;MU;MXIM;MYL;NFLX;NLOK;NTES;NVDA;NXPI;ORLY;PAYX;PCAR;PEP;PYPL;QCOM;QRTEA;REGN;ROST;SBUX;SHPG;SIRI;SNPS;STX;SWKS;TMUS;TSLA;TTWO;TXN;ULTA;VOD;VRSK;VRTX;WBA;WDAY;WDC;WYNN;XEL;XLNX
2019-01,AAL;AAPL;ADBE;ADI;ADP;ADSK;ALGN;ALXN;AMAT;AMD;AMGN;AMZN;ASML;ATVI;AVGO;BIDU;BIIB;BKNG;BMRN;CDNS;CELG;CERN;CHKP;CHTR;CMCSA;COST;CSCO;CSX;CTAS;CTRP;CTSH;CTXS;DLTR;EA;EBAY;EXPE;FAST;FISV;FOXA;GILD;GOOGL;HAS;HSIC;IDXX;ILMN;INCY;INTC;INTU;ISRG;JBHT;JD;KHC;KLAC;LBTYA;LRCX;LULU;MAR;MCHP;MDLZ;MELI;META;MNST;MSFT;MU;MXIM;MYL;NFLX;NLOK;NTAP;NTES;NVDA;NXPI;ORLY;PAYX;PCAR;PEP;PYPL;QCOM;REGN;ROST;SBUX;SIRI;SNPS;SWKS;TMUS;TSLA;TTWO;TXN;UAL;ULTA;VRSK;VRSN;VRTX;WBA;WDAY;WDC;WLTW;WYNN;XEL;XLNX
2019-02,AAL;AAPL;ADBE;ADI;ADP;ADSK;ALGN;ALXN;AMAT;AMD;AMGN;AMZN;ASML;ATVI;AVGO;BIDU;BIIB;BKNG;BMRN;CDNS;CELG;CERN;CHKP;CHTR;CMCSA;COST;CSCO;CSX;CTAS;CTRP;CTSH;CTXS;DLTR;EA;EBAY;EXPE;FAST;FISV;FOXA;GILD;GOOGL;HAS;HSIC;IDXX;ILMN;INCY;INTC;INTU;ISRG;JBHT;JD;KHC;KLAC;LBTYA;LRCX;LULU;MAR;MCHP;MDLZ;MELI;META;MNST;MSFT;MU;MXIM;MYL;NFLX;NLOK;NTAP;NTES;NVDA;NXPI;ORLY;PAYX;PCAR;PEP;PYPL;QCOM;REGN;ROST;SBUX;SIRI;SNPS;SWKS;TMUS;TSLA;TTWO;TXN;UAL;ULTA;VRSK;VRSN;VRTX;WBA;WDAY;WDC;WLTW;WYNN;XEL;XLNX
2019-03,AAL;AAPL;ADBE;ADI;ADP;ADSK;ALGN;ALXN;AMAT;AMD;AMGN;AMZN;ASML;ATVI;AVGO;BIDU;BIIB;BKNG;BMRN;CDNS;CELG;CERN;CHKP;CHTR;CMCSA;COST;CSCO;CSX;CTAS;CTRP;CTSH;CTXS;DLTR;EA;EBAY;EXPE;FAST;FISV;FOXA;GILD;GOOGL;HAS;HSIC;IDXX;ILMN;INCY;INTC;INTU;ISRG;JBHT;JD;KHC;KLAC;LBTYA;LRCX;LULU;MAR;MCHP;MDLZ;MELI;META;MNST;MSFT;MU;MXIM;MYL;NFLX;NLOK;NTAP;NTES;NVDA;NXPI;ORLY;PAYX;PCAR;PEP;PYPL;QCOM;REGN;ROST;SBUX;SIRI;SNPS;SWKS;TMUS;TSLA;TTWO;TXN;UAL;ULTA;VRSK;VRSN;VRTX;WBA;WDAY;WDC;WLTW;WYNN;XEL;XLNX
2019-04,AAL;AAPL;ADBE;ADI;ADP;ADSK;ALGN;ALXN;AMAT;AMD;AMGN;AMZN;ASML;ATVI;AVGO;BIDU;BIIB;BKNG;BMRN;CDNS;CELG;CERN;CHKP;CHTR;CMCSA;COST;CSCO;CSX;CTAS;CTRP;CTSH;CTXS;DLTR;EA;EBAY;EXPE;FAST;FISV;FOXA;GILD;GOOGL;HAS;HSIC;IDXX;ILMN;INCY;INTC;INTU;ISRG;JBHT;JD;KHC;KLAC;LBTYA;LRCX;LULU;MAR;MCHP;MDLZ;MELI;META;MNST;MSFT;MU;MXIM;MYL;NFLX;NLOK;NTAP;NTES;NVDA;NXPI;ORLY;PAYX;PCAR;PEP;PYPL;QCOM;REGN;ROST;SBUX;SIRI;SNPS;SWKS;TMUS;TSLA;TTWO;TXN;UAL;ULTA;VRSK;VRSN;VRTX;WBA;WDAY;WDC;WLTW;WYNN;XEL;XLNX
2019-05,AAL;AAPL;ADBE;ADI;ADP;ADSK;ALGN;ALXN;AMAT;AMD;AMGN;AMZN;ASML;ATVI;AVGO;BIDU;BIIB;BKNG;BMRN;CDNS;CELG;CERN;CHKP;CHTR;CMCSA;COST;CSCO;CSX;CTAS;CTRP;CTSH;CTXS;DLTR;EA;EBAY;EXPE;FAST;FISV;FOXA;GILD;GOOGL;HAS;HSIC;IDXX;ILMN;INCY;INTC;INTU;ISRG;JBHT;JD;KHC;KLAC;LBTYA;LRCX;LULU;MAR;MCHP;MDLZ;MELI;META;MNST;MSFT;MU;MXIM;MYL;NFLX;NLOK;NTAP;NTES;NVDA;NXPI;ORLY;PAYX;PCAR;PEP;PYPL;QCOM;REGN;ROST;SBUX;SIRI;SNPS;SWKS;TMUS;TSLA;TTWO;TXN;UAL;ULTA;VRSK;VRSN;VRTX;WBA;WDAY;WDC;WLTW;WYNN;XEL;XLNX
2019-06,AAL;AAPL;ADBE;ADI;ADP;ADSK;ALGN;ALXN;AMAT;AMD;AMGN;AMZN;ASML;ATVI;AVGO;BIDU;BIIB;BKNG;BMRN;CDNS;CELG;CERN;CHKP;CHTR;CMCSA;COST;CSCO;CSX;CTAS;CTRP;CTSH;CTXS;DLTR;EA;EBAY;EXPE;FAST;FISV;FOXA;GILD;GOOGL;HAS;HSIC;IDXX;ILMN;INCY;INTC;INTU;ISRG;JBHT;JD;KHC;KLAC;LBTYA;LRCX;LULU;MAR;MCHP;MDLZ;MELI;META;MNST;MSFT;MU;MXIM;MYL;NFLX;NLOK;NTAP;NTES;NVDA;NXPI;ORLY;PAYX;PCAR;PEP;PYPL;QCOM;REGN;ROST;SBUX;SIRI;SNPS;SWKS;TMUS;TSLA;TTWO;TXN;UAL;ULTA;VRSK;VRSN;VRTX;WBA;WDAY;WDC;WLTW;WYNN;XEL;XLNX
2019-07,AAL;AAPL;ADBE;ADI;ADP;ADSK;ALGN;ALXN;AMAT;AMD;AMGN;AMZN;ASML;ATVI;AVGO;BIDU;BIIB;BKNG;BMRN;CDNS;CELG;CERN;CHKP;CHTR;CMCSA;COST;CSCO;CSX;CTAS;CTRP;CTSH;CTXS;DLTR;EA;EBAY;EXPE;FAST;FISV;FOXA;GILD;GOOGL;HAS;HSIC;IDXX;ILMN;INCY;INTC;INTU;ISRG;JBHT;JD;KHC;KLAC;LBTYA;LRCX;LULU;MAR;MCHP;MDLZ;MELI;META;MNST;MSFT;MU;MXIM;MYL;NFLX;NLOK;NTAP;NTES;NVDA;NXPI;ORLY;PAYX;PCAR;PEP;PYPL;QCOM;REGN;ROST;SBUX;SIRI;SNPS;SWKS;TMUS;TSLA;TTWO;TXN;UAL;ULTA;VRSK;VRSN;VRTX;WBA;WDAY;WDC;WLTW;WYNN;XEL;XLNX
2019-08,AAL;AAPL;ADBE;ADI;ADP;ADSK;ALGN;ALXN;AMAT;AMD;AMGN;AMZN;ASML;ATVI;AVGO;BIDU;BIIB;BKNG;BMRN;CDNS;CELG;CERN;CHKP;CHTR;CMCSA;COST;CSCO;CSX;CTAS;CTRP;CTSH;CTXS;DLTR;EA;EBAY;EXPE;FAST;FISV;FOXA;GILD;GOOGL;HAS;HSIC;IDXX;ILMN;INCY;INTC;INTU;ISRG;JBHT;JD;KHC;KLAC;LBTYA;LRCX;LULU;MAR;MCHP;MDLZ;MELI;META;MNST;MSFT;MU;MXIM;MYL;NFLX;NLOK;NTAP;NTES;NVDA;NXPI;ORLY;PAYX;PCAR;PEP;PYPL;QCOM;REGN;ROST;SBUX;SIRI;SNPS;SWKS;TMUS;TSLA;TTWO;TXN;UAL;ULTA;VRSK;VRSN;VRTX;WBA;WDAY;WDC;WLTW;WYNN;XEL;XLNX
2019-09,AAL;AAPL;ADBE;ADI;ADP;ADSK;ALGN;ALXN;AMAT;AMD;AMGN;AMZN;ASML;ATVI;AVGO;BIDU;BIIB;BKNG;BMRN;CDNS;CELG;CERN;CHKP;CHTR;CMCSA;COST;CSCO;CSX;CTAS;CTRP;CTSH;CTXS;DLTR;EA;EBAY;EXPE;FAST;FISV;FOXA;GILD;GOOGL;HAS;HSIC;IDXX;ILMN;INCY;INTC;INTU;ISRG;JBHT;JD;KHC;KLAC;LBTYA;LRCX;LULU;MAR;MCHP;MDLZ;MELI;META;MNST;MSFT;MU;MXIM;MYL;NFLX;NLOK;NTAP;NTES;NVDA;NXPI;ORLY;PAYX;PCAR;PEP;PYPL;QCOM;REGN;ROST;SBUX;SIRI;SNPS;SWKS;TMUS;TSLA;TTWO;TXN;UAL;ULTA;VRSK;VRSN;VRTX;WBA;WDAY;WDC;WLTW;WYNN;XEL;XLNX
2019-10,AAL;AAPL;ADBE;ADI;ADP;ADSK;ALGN;ALXN;AMAT;AMD;AMGN;AMZN;ASML;ATVI;AVGO;BIDU;BIIB;BKNG;BMRN;CDNS;CELG;CERN;CHKP;CHTR;CMCSA;COST;CSCO;CSX;CTAS;CTRP;CTSH;CTXS;DLTR;EA;EBAY;EXPE;FAST;FISV;FOXA;GILD;GOOGL;HAS;HSIC;IDXX;ILMN;INCY;INTC;INTU;ISRG;JBHT;JD;KHC;KLAC;LBTYA;LRCX;LULU;MAR;MCHP;MDLZ;MELI;META;MNST;MSFT;MU;MXIM;MYL;NFLX;NLOK;NTAP;NTES;NVDA;NXPI;ORLY;PAYX;PCAR;PEP;PYPL;QCOM;REGN;ROST;SBUX;SIRI;SNPS;SWKS;TMUS;TSLA;TTWO;TXN;UAL;ULTA;VRSK;VRSN;VRTX;WBA;WDAY;WDC;WLTW;WYNN;XEL;XLNX
2019-11,AAL;AAPL;ADBE;ADI;ADP;ADSK;ALGN;ALXN;AMAT;AMD;AMGN;AMZN;ASML;ATVI;AVGO;BIDU;BIIB;BKNG;BMRN;CDNS;CELG;CERN;CHKP;CHTR;CMCSA;COST;CSCO;CSX;CTAS;CTRP;CTSH;CTXS;DLTR;EA;EBAY;EXPE;FAST;FISV;FOXA;GILD;GOOGL;HAS;HSIC;IDXX;ILMN;INCY;INTC;INTU;ISRG;JBHT;JD;KHC;KLAC;LBTYA;LRCX;LULU;MAR;MCHP;MDLZ;MELI;META;MNST;MSFT;MU;MXIM;MYL;NFLX;NLOK;NTAP;NTES;NVDA;NXPI;ORLY;PAYX;PCAR;PEP;PYPL;QCOM;REGN;ROST;SBUX;SIRI;SNPS;SWKS;TMUS;TSLA;TTWO;TXN;UAL;ULTA;VRSK;VRSN;VRTX;WBA;WDAY;WDC;WLTW;WYNN;XEL;XLNX
2019-12,AAL;AAPL;ADBE;ADI;ADP;ADSK;ALGN;ALXN;AMAT;AMD;AMGN;AMZN;ASML;ATVI;AVGO;BIDU;BIIB;BKNG;BMRN;CDNS;CERN;CHKP;CHTR;CMCSA;COST;CSCO;CSX;CTAS;CTSH;CTXS;DLTR;EA;EBAY;EXC;EXPE;FAST;FISV;FOXA;GILD;GOOGL;HAS;HSIC;IDXX;ILMN;INCY;INTC;INTU;ISRG;JBHT;JD;KHC;KLAC;LBTYA;LRCX;LULU;MAR;MCHP;MDLZ;MELI;META;MNST;MSFT;MU;MXIM;MYL;NFLX;NLOK;NTAP;NTES;NVDA;NXPI;ORLY;PAYX;PCAR;PEP;PYPL;QCOM;REGN;ROST;SBUX;SIRI;SNPS;SWKS;TCOM;TMUS;TSLA;TTWO;TXN;UAL;ULTA;VRSK;VRSN;VRTX;WBA;WDAY;WDC;WLTW;WYNN;XEL;XLNX
2020-01,AAL;AAPL;ADBE;ADI;ADP;ADSK;ALGN;ALXN;AMAT;AMD;AMGN;AMZN;ANSS;ASML;ATVI;AVGO;BIDU;BIIB;BKNG;BMRN;CDNS;CDW;CERN;CHKP;CHTR;CMCSA;COST;CPRT;CSCO;CSGP;CSX;CTAS;CTSH;CTXS;DLTR;EA;EBAY;EXC;EXPE;FAST;FISV;FOXA;GILD;GOOGL;IDXX;ILMN;INCY;INTC;INTU;ISRG;JD;KHC;KLAC;LBTYA;LRCX;LULU;MAR;MCHP;MDLZ;MELI;META;MNST;MSFT;MU;MXIM;NFLX;NTAP;NTES;NVDA;NXPI;ORLY;PAYX;PCAR;PEP;PYPL;QCOM;REGN;ROST;SBUX;SGEN;SIRI;SNPS;SPLK;SWKS;TCOM;TMUS;TSLA;TTWO;TXN;UAL;ULTA;VRSK;VRSN;VRTX;WBA;WDAY;WDC;WLTW;XEL;XLNX
2020-02,AAL;AAPL;ADBE;ADI;ADP;ADSK;ALGN;ALXN;AMAT;AMD;AMGN;AMZN;ANSS;ASML;ATVI;AVGO;BIDU;BIIB;BKNG;BMRN;CDNS;CDW;CERN;CHKP;CHTR;CMCSA;COST;CPRT;CSCO;CSGP;CSX;CTAS;CTSH;CTXS;DLTR;EA;EBAY;EXC;EXPE;FAST;FISV;FOXA;GILD;GOOGL;IDXX;ILMN;INCY;INTC;INTU;ISRG;JD;KHC;KLAC;LBTYA;LRCX;LULU;MAR;MCHP;MDLZ;MELI;META;MNST;MSFT;MU;MXIM;NFLX;NTAP;NTES;NVDA;NXPI;ORLY;PAYX;PCAR;PEP;PYPL;QCOM;REGN;ROST;SBUX;SGEN;SIRI;SNPS;SPLK;SWKS;TCOM;TMUS;TSLA;TTWO;TXN;UAL;ULTA;VRSK;VRSN;VRTX;WBA;WDAY;WDC;WLTW;XEL;XLNX
2020-03,AAL;AAPL;ADBE;ADI;ADP;ADSK;ALGN;ALXN;AMAT;AMD;AMGN;AMZN;ANSS;ASML;ATVI;AVGO;BIDU;BIIB;BKNG;BMRN;CDNS;CDW;CERN;CHKP;CHTR;CMCSA;COST;CPRT;CSCO;CSGP;CSX;CTAS;CTSH;CTXS;DLTR;EA;EBAY;EXC;EXPE;FAST;FISV;FOXA;GILD;GOOGL;IDXX;ILMN;INCY;INTC;INTU;ISRG;JD;KHC;KLAC;LBTYA;LRCX;LULU;MAR;MCHP;MDLZ;MELI;META;MNST;MSFT;MU;MXIM;NFLX;NTAP;NTES;NVDA;NXPI;ORLY;PAYX;PCAR;PEP;PYPL;QCOM;REGN;ROST;SBUX;SGEN;SIRI;SNPS;SPLK;SWKS;TCOM;TMUS;TSLA;TTWO;TXN;UAL;ULTA;VRSK;VRSN;VRTX;WBA;WDAY;WDC;WLTW;XEL;XLNX
2020-04,AAL;AAPL;ADBE;ADI;ADP;ADSK;ALGN;ALXN;AMAT;AMD;AMGN;AMZN;ANSS;ASML;ATVI;AVGO;BIDU;BIIB;BKNG;BMRN;CDNS;CDW;CERN;CHKP;CHTR;CMCSA;COST;CPRT;CSCO;CSGP;CSX;CTAS;CTSH;CTXS;DLTR;EA;EBAY;EXC;EXPE;FAST;FISV;FOXA;GILD;GOOGL;IDXX;ILMN;INCY;INTC;INTU;ISRG;JD;KHC;KLAC;LBTYA;LRCX;LULU;MAR;MCHP;MDLZ;MELI;META;MNST;MSFT;MU;MXIM;NFLX;NTAP;NTES;NVDA;NXPI;ORLY;PAYX;PCAR;PEP;PYPL;QCOM;REGN;ROST;SBUX;SGEN;SIRI;SNPS;SPLK;SWKS;TCOM;TMUS;TSLA;TTWO;TXN;UAL;ULTA;VRSK;VRSN;VRTX;WBA;WDAY;WDC;WLTW;XEL;XLNX
2020-05,AAPL;ADBE;ADI;ADP;ADSK;ALGN;ALXN;AMAT;AMD;AMGN;AMZN;ANSS;ASML;ATVI;AVGO;BIDU;BIIB;BKNG;BMRN;CDNS;CDW;CERN;CHKP;CHTR;CMCSA;COST;CPRT;CSCO;CSGP;CSX;CTAS;CTSH;CTXS;DLTR;DXCM;EA;EBAY;EXC;EXPE;FAST;FISV;FOXA;GILD;GOOGL;IDXX;ILMN;INCY;INTC;INTU;ISRG;JD;KHC;KLAC;LBTYA;LRCX;LULU;MAR;MCHP;MDLZ;MELI;META;MNST;MSFT;MU;MXIM;NFLX;NTAP;NTES;NVDA;NXPI;ORLY;PAYX;PCAR;PEP;PYPL;QCOM;REGN;ROST;SBUX;SGEN;SIRI;SNPS;SPLK;SWKS;TCOM;TMUS;TSLA;TTWO;TXN;UAL;ULTA;VRSK;VRSN;VRTX;WBA;WDAY;WDC;XEL;XLNX;ZM
2020-06,AAPL;ADBE;ADI;ADP;ADSK;ALGN;ALXN;AMAT;AMD;AMGN;AMZN;ANSS;ASML;ATVI;AVGO;BIDU;BIIB;BKNG;BMRN;CDNS;CDW;CERN;CHKP;CHTR;CMCSA;COST;CPRT;CSCO;CSGP;CSX;CTAS;CTSH;CTXS;DLTR;DXCM;EA;EBAY;EXC;EXPE;FAST;FISV;FOXA;GILD;GOOGL;IDXX;ILMN;INCY;INTC;INTU;ISRG;JD;KHC;KLAC;LBTYA;LRCX;LULU;MAR;MCHP;MDLZ;MELI;META;MNST;MSFT;MU;MXIM;NFLX;NTAP;NTES;NVDA;NXPI;ORLY;PAYX;PCAR;PEP;PYPL;QCOM;REGN;ROST;SBUX;SGEN;SIRI;SNPS;SPLK;SWKS;TCOM;TMUS;TSLA;TTWO;TXN;UAL;ULTA;VRSK;VRSN;VRTX;WBA;WDAY;WDC;XEL;XLNX;ZM
2020-07,AAPL;ADBE;ADI;ADP;ADSK;ALGN;ALXN;AMAT;AMD;AMGN;AMZN;ANSS;ASML;ATVI;AVGO;BIDU;BIIB;BKNG;BMRN;CDNS;CDW;CERN;CHKP;CHTR;CMCSA;COST;CPRT;CSCO;CSGP;CSX;CTAS;CTSH;CTXS;DLTR;DOCU;DXCM;EA;EBAY;EXC;EXPE;FAST;FISV;FOXA;GILD;GOOGL;IDXX;ILMN;INCY;INTC;INTU;ISRG;JD;KHC;KLAC;LBTYA;LRCX;LULU;MAR;MCHP;MDLZ;MELI;META;MNST;MSFT;MU;MXIM;NFLX;NTAP;NTES;NVDA;NXPI;ORLY;PAYX;PCAR;PEP;PYPL;QCOM;REGN;ROST;SBUX;SGEN;SIRI;SNPS;SPLK;SWKS;TCOM;TMUS;TSLA;TTWO;TXN;ULTA;VRSK;VRSN;VRTX;WBA;WDAY;WDC;XEL;XLNX;ZM
2020-08,AAPL;ADBE;ADI;ADP;ADSK;ALGN;ALXN;AMAT;AMD;AMGN;AMZN;ANSS;ASML;ATVI;AVGO;BIDU;BIIB;BKNG;BMRN;CDNS;CDW;CERN;CHKP;CHTR;CMCSA;COST;CPRT;CSCO;CSX;CTAS;CTSH;CTXS;DLTR;DOCU;DXCM;EA;EBAY;EXC;EXPE;FAST;FISV;FOXA;GILD;GOOGL;IDXX;ILMN;INCY;INTC;INTU;ISRG;JD;KHC;KLAC;LBTYA;LRCX;LULU;MAR;MCHP;MDLZ;MELI;META;MNST;MRNA;MSFT;MU;MXIM;NFLX;NTAP;NTES;NVDA;NXPI;ORLY;PAYX;PCAR;PEP;PYPL;QCOM;REGN;ROST;SBUX;SGEN;SIRI;SNPS;SPLK;SWKS;TCOM;TMUS;TSLA;TTWO;TXN;ULTA;VRSK;VRSN;VRTX;WBA;WDAY;WDC;XEL;XLNX;ZM
2020-09,AAPL;ADBE;ADI;ADP;ADSK;ALGN;ALXN;AMAT;AMD;AMGN;AMZN;ANSS;ASML;ATVI;AVGO;BIDU;BIIB;BKNG;BMRN;CDNS;CDW;CERN;CHKP;CHTR;CMCSA;COST;CPRT;CSCO;CSX;CTAS;CTSH;CTXS;DLTR;DOCU;DXCM;EA;EBAY;EXC;EXPE;FAST;FISV;FOXA;GILD;GOOGL;IDXX;ILMN;INCY;INTC;INTU;ISRG;JD;KHC;KLAC;LBTYA;LRCX;LULU;MAR;MCHP;MDLZ;MELI;META;MNST;MRNA;MSFT;MU;MXIM;NFLX;NTES;NVDA;NXPI;ORLY;PAYX;PCAR;PDD;PEP;PYPL;QCOM;REGN;ROST;SBUX;SGEN;SIRI;SNPS;SPLK;SWKS;TCOM;TMUS;TSLA;TTWO;TXN;ULTA;VRSK;VRSN;VRTX;WBA;WDAY;WDC;XEL;XLNX;ZM
2020-10,AAPL;ADBE;ADI;ADP;ADSK;ALGN;ALXN;AMAT;AMD;AMGN;AMZN;ANSS;ASML;ATVI;AVGO;BIDU;BIIB;BKNG;BMRN;CDNS;CDW;CERN;CHKP;CHTR;CMCSA;COST;CPRT;CSCO;CSX;CTAS;CTSH;CTXS;DLTR;DOCU;DXCM;EA;EBAY;EXC;EXPE;FAST;FISV;FOXA;GILD;GOOGL;IDXX;ILMN;INCY;INTC;INTU;ISRG;JD;KHC;KLAC;LBTYA;LRCX;LULU;MAR;MCHP;MDLZ;MELI;META;MNST;MRNA;MSFT;MU;MXIM;NFLX;NTES;NVDA;NXPI;ORLY;PAYX;PCAR;PDD;PEP;PYPL;QCOM;REGN;ROST;SBUX;SGEN;SIRI;SNPS;SPLK;SWKS;TCOM;TMUS;TSLA;TTWO;TXN;ULTA;VRSK;VRSN;VRTX;WBA;WDAY;WDC;XEL;XLNX;ZM
2020-11,AAPL;ADBE;ADI;ADP;ADSK;ALGN;ALXN;AMAT;AMD;AMGN;AMZN;ANSS;ASML;ATVI;AVGO;BIDU;BIIB;BKNG;BMRN;CDNS;CDW;CERN;CHKP;CHTR;CMCSA;COST;CPRT;CSCO;CSX;CTAS;CTSH;CTXS;DLTR;DOCU;DXCM;EA;EBAY;EXC;EXPE;FAST;FISV;FOXA;GILD;GOOGL;IDXX;ILMN;INCY;INTC;INTU;ISRG;JD;KDP;KHC;KLAC;LBTYA;LRCX;LULU;MAR;MCHP;MDLZ;MELI;META;MNST;MRNA;MSFT;MU;MXIM;NFLX;NTES;NVDA;NXPI;ORLY;PAYX;PCAR;PDD;PEP;PYPL;QCOM;REGN;ROST;SBUX;SGEN;SIRI;SNPS;SPLK;SWKS;TCOM;TMUS;TSLA;TTWO;TXN;ULTA;VRSK;VRSN;VRTX;WBA;WDAY;XEL;XLNX;ZM
2020-12,AAPL;ADBE;ADI;ADP;ADSK;ALGN;ALXN;AMAT;AMD;AMGN;AMZN;ANSS;ASML;ATVI;AVGO;BIDU;BIIB;BKNG;BMRN;CDNS;CDW;CERN;CHKP;CHTR;CMCSA;COST;CPRT;CSCO;CSX;CTAS;CTSH;CTXS;DLTR;DOCU;DXCM;EA;EBAY;EXC;EXPE;FAST;FISV;FOXA;GILD;GOOGL;IDXX;ILMN;INCY;INTC;INTU;ISRG;JD;KDP;KHC;KLAC;LBTYA;LRCX;LULU;MAR;MCHP;MDLZ;MELI;META;MNST;MRNA;MSFT;MU;MXIM;NFLX;NTES;NVDA;NXPI;ORLY;PAYX;PCAR;PDD;PEP;PYPL;QCOM;REGN;ROST;SBUX;SGEN;SIRI;SNPS;SPLK;SWKS;TCOM;TMUS;TSLA;TTWO;TXN;ULTA;VRSK;VRSN;VRTX;WBA;WDAY;XEL;XLNX;ZM
2021-01,AAPL;ADBE;ADI;ADP;ADSK;AEP;ALGN;ALXN;AMAT;AMD;AMGN;AMZN;ANSS;ASML;ATVI;AVGO;BIDU;BIIB;BKNG;CDNS;CDW;CERN;CHKP;CHTR;CMCSA;COST;CPRT;CSCO;CSX;CTAS;CTSH;DLTR;DOCU;DXCM;EA;EBAY;EXC;FAST;FISV;FOXA;GILD;GOOGL;IDXX;ILMN;INCY;INTC;INTU;ISRG;JD;KDP;KHC;KLAC;LRCX;LULU;MAR;MCHP;MDLZ;MELI;META;MNST;MRNA;MRVL;MSFT;MTCH;MU;MXIM;NFLX;NTES;NVDA;NXPI;OKTA;ORLY;PAYX;PCAR;PDD;PEP;PTON;PYPL;QCOM;REGN;ROST;SBUX;SGEN;SIRI;SNPS;SPLK;SWKS;TCOM;TEAM;TMUS;TSLA;TXN;VRSK;VRSN;VRTX;WBA;WDAY;XEL;XLNX;ZM
2021-02,AAPL;ADBE;ADI;ADP;ADSK;AEP;ALGN;ALXN;AMAT;AMD;AMGN;AMZN;ANSS;ASML;ATVI;AVGO;BIDU;BIIB;BKNG;CDNS;CDW;CERN;CHKP;CHTR;CMCSA;COST;CPRT;CSCO;CSX;CTAS;CTSH;DLTR;DOCU;DXCM;EA;EBAY;EXC;FAST;FISV;FOXA;GILD;GOOGL;IDXX;ILMN;INCY;INTC;INTU;ISRG;JD;KDP;KHC;KLAC;LRCX;LULU;MAR;MCHP;MDLZ;MELI;META;MNST;MRNA;MRVL;MSFT;MTCH;MU;MXIM;NFLX;NTES;NVDA;NXPI;OKTA;ORLY;PAYX;PCAR;PDD;PEP;PTON;PYPL;QCOM;REGN;ROST;SBUX;SGEN;SIRI;SNPS;SPLK;SWKS;TCOM;TEAM;TMUS;TSLA;TXN;VRSK;VRSN;VRTX;WBA;WDAY;XEL;XLNX;ZM
2021-03,AAPL;ADBE;ADI;ADP;ADSK;AEP;ALGN;ALXN;AMAT;AMD;AMGN;AMZN;ANSS;ASML;ATVI;AVGO;BIDU;BIIB;BKNG;CDNS;CDW;CERN;CHKP;CHTR;CMCSA;COST;CPRT;CSCO;CSX;CTAS;CTSH;DLTR;DOCU;DXCM;EA;EBAY;EXC;FAST;FISV;FOXA;GILD;GOOGL;IDXX;ILMN;INCY;INTC;INTU;ISRG;JD;KDP;KHC;KLAC;LRCX;LULU;MAR;MCHP;MDLZ;MELI;META;MNST;MRNA;MRVL;MSFT;MTCH;MU;MXIM;NFLX;NTES;NVDA;NXPI;OKTA;ORLY;PAYX;PCAR;PDD;PEP;PTON;PYPL;QCOM;REGN;ROST;SBUX;SGEN;SIRI;SNPS;SPLK;SWKS;TCOM;TEAM;TMUS;TSLA;TXN;VRSK;VRSN;VRTX;WBA;WDAY;XEL;XLNX;ZM
2021-04,AAPL;ADBE;ADI;ADP;ADSK;AEP;ALGN;ALXN;AMAT;AMD;AMGN;AMZN;ANSS;ASML;ATVI;AVGO;BIDU;BIIB;BKNG;CDNS;CDW;CERN;CHKP;CHTR;CMCSA;COST;CPRT;CSCO;CSX;CTAS;CTSH;DLTR;DOCU;DXCM;EA;EBAY;EXC;FAST;FISV;FOXA;GILD;GOOGL;IDXX;ILMN;INCY;INTC;INTU;ISRG;JD;KDP;KHC;KLAC;LRCX;LULU;MAR;MCHP;MDLZ;MELI;META;MNST;MRNA;MRVL;MSFT;MTCH;MU;MXIM;NFLX;NTES;NVDA;NXPI;OKTA;ORLY;PAYX;PCAR;PDD;PEP;PTON;PYPL;QCOM;REGN;ROST;SBUX;SGEN;SIRI;SNPS;SPLK;SWKS;TCOM;TEAM;TMUS;TSLA;TXN;VRSK;VRSN;VRTX;WBA;WDAY;XEL;XLNX;ZM
2021-05,AAPL;ADBE;ADI;ADP;ADSK;AEP;ALGN;ALXN;AMAT;AMD;AMGN;AMZN;ANSS;ASML;ATVI;AVGO;BIDU;BIIB;BKNG;CDNS;CDW;CERN;CHKP;CHTR;CMCSA;COST;CPRT;CSCO;CSX;CTAS;CTSH;DLTR;DOCU;DXCM;EA;EBAY;EXC;FAST;FISV;FOXA;GILD;GOOGL;IDXX;ILMN;INCY;INTC;INTU;ISRG;JD;KDP;KHC;KLAC;LRCX;LULU;MAR;MCHP;MDLZ;MELI;META;MNST;MRNA;MRVL;MSFT;MTCH;MU;MXIM;NFLX;NTES;NVDA;NXPI;OKTA;ORLY;PAYX;PCAR;PDD;PEP;PTON;PYPL;QCOM;REGN;ROST;SBUX;SGEN;SIRI;SNPS;SPLK;SWKS;TCOM;TEAM;TMUS;TSLA;TXN;VRSK;VRSN;VRTX;WBA;WDAY;XEL;XLNX;ZM
2021-06,AAPL;ADBE;ADI;ADP;ADSK;AEP;ALGN;ALXN;AMAT;AMD;AMGN;AMZN;ANSS;ASML;ATVI;AVGO;BIDU;BIIB;BKNG;CDNS;CDW;CERN;CHKP;CHTR;CMCSA;COST;CPRT;CSCO;CSX;CTAS;CTSH;DLTR;DOCU;DXCM;EA;EBAY;EXC;FAST;FISV;FOXA;GILD;GOOGL;IDXX;ILMN;INCY;INTC;INTU;ISRG;JD;KDP;KHC;KLAC;LRCX;LULU;MAR;MCHP;MDLZ;MELI;META;MNST;MRNA;MRVL;MSFT;MTCH;MU;MXIM;NFLX;NTES;NVDA;NXPI;OKTA;ORLY;PAYX;PCAR;PDD;PEP;PTON;PYPL;QCOM;REGN;ROST;SBUX;SGEN;SIRI;SNPS;SPLK;SWKS;TCOM;TEAM;TMUS;TSLA;TXN;VRSK;VRSN;VRTX;WBA;WDAY;XEL;XLNX;ZM
2021-07,AAPL;ADBE;ADI;ADP;ADSK;AEP;ALGN;ALXN;AMAT;AMD;AMGN;AMZN;ANSS;ASML;ATVI;AVGO;BIDU;BIIB;BKNG;CDNS;CDW;CERN;CHKP;CHTR;CMCSA;COST;CPRT;CSCO;CSX;CTAS;CTSH;DLTR;DOCU;DXCM;EA;EBAY;EXC;FAST;FISV;FOXA;GILD;GOOGL;IDXX;ILMN;INCY;INTC;INTU;ISRG;JD;KDP;KHC;KLAC;LRCX;LULU;MAR;MCHP;MDLZ;MELI;META;MNST;MRNA;MRVL;MSFT;MTCH;MU;MXIM;NFLX;NTES;NVDA;NXPI;OKTA;ORLY;PAYX;PCAR;PDD;PEP;PTON;PYPL;QCOM;REGN;ROST;SBUX;SGEN;SIRI;SNPS;SPLK;SWKS;TCOM;TEAM;TMUS;TSLA;TXN;VRSK;VRSN;VRTX;WBA;WDAY;XEL;XLNX;ZM
2021-08,AAPL;ADBE;ADI;ADP;ADSK;AEP;ALGN;AMAT;AMD;AMGN;AMZN;ANSS;ASML;ATVI;AVGO;BIDU;BIIB;BKNG;CDNS;CDW;CERN;CHKP;CHTR;CMCSA;COST;CPRT;CSCO;CSX;CTAS;CTSH;DLTR;DOCU;DXCM;EA;EBAY;EXC;FAST;FISV;FOXA;GILD;GOOGL;HON;IDXX;ILMN;INCY;INTC;INTU;ISRG;JD;KDP;KHC;KLAC;LRCX;LULU;MAR;MCHP;MDLZ;MELI;META;MNST;MRNA;MRVL;MSFT;MTCH;MU;MXIM;NFLX;NTES;NVDA;NXPI;OKTA;ORLY;PAYX;PCAR;PDD;PEP;PTON;PYPL;QCOM;REGN;ROST;SBUX;SGEN;SIRI;SNPS;SPLK;SWKS;TCOM;TEAM;TMUS;TSLA;TXN;VRSK;VRSN;VRTX;WBA;WDAY;XEL;XLNX;ZM
2021-09,AAPL;ADBE;ADI;ADP;ADSK;AEP;ALGN;AMAT;AMD;AMGN;AMZN;ANSS;ASML;ATVI;AVGO;BIDU;BIIB;BKNG;CDNS;CDW;CERN;CHKP;CHTR;CMCSA;COST;CPRT;CRWD;CSCO;CSX;CTAS;CTSH;DLTR;DOCU;DXCM;EA;EBAY;EXC;FAST;FISV;FOXA;GILD;GOOGL;HON;IDXX;ILMN;INCY;INTC;INTU;ISRG;JD;KDP;KHC;KLAC;LRCX;LULU;MAR;MCHP;MDLZ;MELI;META;MNST;MRNA;MRVL;MSFT;MTCH;MU;NFLX;NTES;NVDA;NXPI;OKTA;ORLY;PAYX;PCAR;PDD;PEP;PTON;PYPL;QCOM;REGN;ROST;SBUX;SGEN;SIRI;SNPS;SPLK;SWKS;TCOM;TEAM;TMUS;TSLA;TXN;VRSK;VRSN;VRTX;WBA;WDAY;XEL;XLNX;ZM
2021-10,AAPL;ADBE;ADI;ADP;ADSK;AEP;ALGN;AMAT;AMD;AMGN;AMZN;ANSS;ASML;ATVI;AVGO;BIDU;BIIB;BKNG;CDNS;CDW;CERN;CHKP;CHTR;CMCSA;COST;CPRT;CRWD;CSCO;CSX;CTAS;CTSH;DLTR;DOCU;DXCM;EA;EBAY;EXC;FAST;FISV;FOXA;GILD;GOOGL;HON;IDXX;ILMN;INCY;INTC;INTU;ISRG;JD;KDP;KHC;KLAC;LRCX;LULU;MAR;MCHP;MDLZ;MELI;META;MNST;MRNA;MRVL;MSFT;MTCH;MU;NFLX;NTES;NVDA;NXPI;OKTA;ORLY;PAYX;PCAR;PDD;PEP;PTON;PYPL;QCOM;REGN;ROST;SBUX;SGEN;SIRI;SNPS;SPLK;SWKS;TCOM;TEAM;TMUS;TSLA;TXN;VRSK;VRSN;VRTX;WBA;WDAY;XEL;XLNX;ZM
2021-11,AAPL;ADBE;ADI;ADP;ADSK;AEP;ALGN;AMAT;AMD;AMGN;AMZN;ANSS;ASML;ATVI;AVGO;BIDU;BIIB;BKNG;CDNS;CDW;CERN;CHKP;CHTR;CMCSA;COST;CPRT;CRWD;CSCO;CSX;CTAS;CTSH;DLTR;DOCU;DXCM;EA;EBAY;EXC;FAST;FISV;FOXA;GILD;GOOGL;HON;IDXX;ILMN;INCY;INTC;INTU;ISRG;JD;KDP;KHC;KLAC;LRCX;LULU;MAR;MCHP;MDLZ;MELI;META;MNST;MRNA;MRVL;MSFT;MTCH;MU;NFLX;NTES;NVDA;NXPI;OKTA;ORLY;PAYX;PCAR;PDD;PEP;PTON;PYPL;QCOM;REGN;ROST;SBUX;SGEN;SIRI;SNPS;SPLK;SWKS;TCOM;TEAM;TMUS;TSLA;TXN;VRSK;VRSN;VRTX;WBA;WDAY;XEL;XLNX;ZM
2021-12,AAPL;ADBE;ADI;ADP;ADSK;AEP;ALGN;AMAT;AMD;AMGN;AMZN;ANSS;ASML;ATVI;AVGO;BIDU;BIIB;BKNG;CDNS;CDW;CERN;CHKP;CHTR;CMCSA;COST;CPRT;CRWD;CSCO;CSX;CTAS;CTSH;DLTR;DOCU;DXCM;EA;EBAY;EXC;FAST;FISV;FOXA;GILD;GOOGL;HON;IDXX;ILMN;INCY;INTC;INTU;ISRG;JD;KDP;KHC;KLAC;LRCX;LULU;MAR;MCHP;MDLZ;MELI;META;MNST;MRNA;MRVL;MSFT;MTCH;MU;NFLX;NTES;NVDA;NXPI;OKTA;ORLY;PAYX;PCAR;PDD;PEP;PTON;PYPL;QCOM;REGN;ROST;SBUX;SGEN;SIRI;SNPS;SPLK;SWKS;TCOM;TEAM;TMUS;TSLA;TXN;VRSK;VRSN;VRTX;WBA;WDAY;XEL;XLNX;ZM
2022-01,AAPL;ABNB;ADBE;ADI;ADP;ADSK;AEP;ALGN;AMAT;AMD;AMGN;AMZN;ANSS;ASML;ATVI;AVGO;BIDU;BIIB;BKNG;CDNS;CHTR;CMCSA;COST;CPRT;CRWD;CSCO;CSX;CTAS;CTSH;DDOG;DLTR;DOCU;DXCM;EA;EBAY;EXC;FAST;FISV;FTNT;GILD;GOOGL;HON;IDXX;ILMN;INTC;INTU;ISRG;JD;KDP;KHC;KLAC;LCID;LRCX;LULU;MAR;MCHP;MDLZ;MELI;META;MNST;MRNA;MRVL;MSFT;MTCH;MU;NFLX;NTES;NVDA;NXPI;OKTA;ORLY;PANW;PAYX;PCAR;PDD;PEP;PTON;PYPL;QCOM;REGN;ROST;SBUX;SGEN;SIRI;SNPS;SPLK;SWKS;TEAM;TMUS;TSLA;TXN;VRSK;VRSN;VRTX;WBA;WDAY;XEL;XLNX;ZM;ZS
2022-02,AAPL;ABNB;ADBE;ADI;ADP;ADSK;AEP;ALGN;AMAT;AMD;AMGN;AMZN;ANSS;ASML;ATVI;AVGO;BIDU;BIIB;BKNG;CDNS;CHTR;CMCSA;COST;CPRT;CRWD;CSCO;CSX;CTAS;CTSH;DDOG;DLTR;DOCU;DXCM;EA;EBAY;EXC;FAST;FISV;FTNT;GILD;GOOGL;HON;IDXX;ILMN;INTC;INTU;ISRG;JD;KDP;KHC;KLAC;LCID;LRCX;LULU;MAR;MCHP;MDLZ;MELI;META;MNST;MRNA;MRVL;MSFT;MTCH;MU;NFLX;NTES;NVDA;NXPI;ODFL;OKTA;ORLY;PANW;PAYX;PCAR;PDD;PEP;PYPL;QCOM;REGN;ROST;SBUX;SGEN;SIRI;SNPS;SPLK;SWKS;TEAM;TMUS;TSLA;TXN;VRSK;VRSN;VRTX;WBA;WDAY;XEL;XLNX;ZM;ZS
2022-03,AAPL;ABNB;ADBE;ADI;ADP;ADSK;AEP;ALGN;AMAT;AMD;AMGN;AMZN;ANSS;ASML;ATVI;AVGO;AZN;BIDU;BIIB;BKNG;CDNS;CEG;CHTR;CMCSA;COST;CPRT;CRWD;CSCO;CSX;CTAS;CTSH;DDOG;DLTR;DOCU;DXCM;EA;EBAY;EXC;FAST;FISV;FTNT;GILD;GOOGL;HON;IDXX;ILMN;INTC;INTU;ISRG;JD;KDP;KHC;KLAC;LCID;LRCX;LULU;MAR;MCHP;MDLZ;MELI;META;MNST;MRNA;MRVL;MSFT;MTCH;MU;NFLX;NTES;NVDA;NXPI;ODFL;OKTA;ORLY;PANW;PAYX;PCAR;PDD;PEP;PYPL;QCOM;REGN;ROST;SBUX;SGEN;SIRI;SNPS;SPLK;SWKS;TEAM;TMUS;TSLA;TXN;VRSK;VRSN;VRTX;WBA;WDAY;XEL;ZM;ZS
2022-04,AAPL;ABNB;ADBE;ADI;ADP;ADSK;AEP;ALGN;AMAT;AMD;AMGN;AMZN;ANSS;ASML;ATVI;AVGO;AZN;BIDU;BIIB;BKNG;CDNS;CEG;CHTR;CMCSA;COST;CPRT;CRWD;CSCO;CSX;CTAS;CTSH;DDOG;DLTR;DOCU;DXCM;EA;EBAY;EXC;FAST;FISV;FTNT;GILD;GOOGL;HON;IDXX;ILMN;INTC;INTU;ISRG;JD;KDP;KHC;KLAC;LCID;LRCX;LULU;MAR;MCHP;MDLZ;MELI;META;MNST;MRNA;MRVL;MSFT;MTCH;MU;NFLX;NTES;NVDA;NXPI;ODFL;OKTA;ORLY;PANW;PAYX;PCAR;PDD;PEP;PYPL;QCOM;REGN;ROST;SBUX;SGEN;SIRI;SNPS;SPLK;SWKS;TEAM;TMUS;TSLA;TXN;VRSK;VRSN;VRTX;WBA;WDAY;XEL;ZM;ZS
2022-05,AAPL;ABNB;ADBE;ADI;ADP;ADSK;AEP;ALGN;AMAT;AMD;AMGN;AMZN;ANSS;ASML;ATVI;AVGO;AZN;BIDU;BIIB;BKNG;CDNS;CEG;CHTR;CMCSA;COST;CPRT;CRWD;CSCO;CSX;CTAS;CTSH;DDOG;DLTR;DOCU;DXCM;EA;EBAY;EXC;FAST;FISV;FTNT;GILD;GOOGL;HON;IDXX;ILMN;INTC;INTU;ISRG;JD;KDP;KHC;KLAC;LCID;LRCX;LULU;MAR;MCHP;MDLZ;MELI;META;MNST;MRNA;MRVL;MSFT;MTCH;MU;NFLX;NTES;NVDA;NXPI;ODFL;OKTA;ORLY;PANW;PAYX;PCAR;PDD;PEP;PYPL;QCOM;REGN;ROST;SBUX;SGEN;SIRI;SNPS;SPLK;SWKS;TEAM;TMUS;TSLA;TXN;VRSK;VRSN;VRTX;WBA;WDAY;XEL;ZM;ZS
2022-06,AAPL;ABNB;ADBE;ADI;ADP;ADSK;AEP;ALGN;AMAT;AMD;AMGN;AMZN;ANSS;ASML;ATVI;AVGO;AZN;BIDU;BIIB;BKNG;CDNS;CEG;CHTR;CMCSA;COST;CPRT;CRWD;CSCO;CSX;CTAS;CTSH;DDOG;DLTR;DOCU;DXCM;EA;EBAY;EXC;FAST;FISV;FTNT;GILD;GOOGL;HON;IDXX;ILMN;INTC;INTU;ISRG;JD;KDP;KHC;KLAC;LCID;LRCX;LULU;MAR;MCHP;MDLZ;MELI;META;MNST;MRNA;MRVL;MSFT;MTCH;MU;NFLX;NTES;NVDA;NXPI;ODFL;OKTA;ORLY;PANW;PAYX;PCAR;PDD;PEP;PYPL;QCOM;REGN;ROST;SBUX;SGEN;SIRI;SNPS;SPLK;SWKS;TEAM;TMUS;TSLA;TXN;VRSK;VRSN;VRTX;WBA;WDAY;XEL;ZM;ZS
2022-07,AAPL;ABNB;ADBE;ADI;ADP;ADSK;AEP;ALGN;AMAT;AMD;AMGN;AMZN;ANSS;ASML;ATVI;AVGO;AZN;BIDU;BIIB;BKNG;CDNS;CEG;CHTR;CMCSA;COST;CPRT;CRWD;CSCO;CSX;CTAS;CTSH;DDOG;DLTR;DOCU;DXCM;EA;EBAY;EXC;FAST;FISV;FTNT;GILD;GOOGL;HON;IDXX;ILMN;INTC;INTU;ISRG;JD;KDP;KHC;KLAC;LCID;LRCX;LULU;MAR;MCHP;MDLZ;MELI;META;MNST;MRNA;MRVL;MSFT;MTCH;MU;NFLX;NTES;NVDA;NXPI;ODFL;OKTA;ORLY;PANW;PAYX;PCAR;PDD;PEP;PYPL;QCOM;REGN;ROST;SBUX;SGEN;SIRI;SNPS;SPLK;SWKS;TEAM;TMUS;TSLA;TXN;VRSK;VRSN;VRTX;WBA;WDAY;XEL;ZM;ZS
2022-08,AAPL;ABNB;ADBE;ADI;ADP;ADSK;AEP;ALGN;AMAT;AMD;AMGN;AMZN;ANSS;ASML;ATVI;AVGO;AZN;BIDU;BIIB;BKNG;CDNS;CEG;CHTR;CMCSA;COST;CPRT;CRWD;CSCO;CSX;CTAS;CTSH;DDOG;DLTR;DOCU;DXCM;EA;EBAY;EXC;FAST;FISV;FTNT;GILD;GOOGL;HON;IDXX;ILMN;INTC;INTU;ISRG;JD;KDP;KHC;KLAC;LCID;LRCX;LULU;MAR;MCHP;MDLZ;MELI;META;MNST;MRNA;MRVL;MSFT;MTCH;MU;NFLX;NTES;NVDA;NXPI;ODFL;OKTA;ORLY;PANW;PAYX;PCAR;PDD;PEP;PYPL;QCOM;REGN;ROST;SBUX;SGEN;SIRI;SNPS;SPLK;SWKS;TEAM;TMUS;TSLA;TXN;VRSK;VRSN;VRTX;WBA;WDAY;XEL;ZM;ZS
2022-09,AAPL;ABNB;ADBE;ADI;ADP;ADSK;AEP;ALGN;AMAT;AMD;AMGN;AMZN;ANSS;ASML;ATVI;AVGO;AZN;BIDU;BIIB;BKNG;CDNS;CEG;CHTR;CMCSA;COST;CPRT;CRWD;CSCO;CSX;CTAS;CTSH;DDOG;DLTR;DOCU;DXCM;EA;EBAY;EXC;FAST;FISV;FTNT;GILD;GOOGL;HON;IDXX;ILMN;INTC;INTU;ISRG;JD;KDP;KHC;KLAC;LCID;LRCX;LULU;MAR;MCHP;MDLZ;MELI;META;MNST;MRNA;MRVL;MSFT;MTCH;MU;NFLX;NTES;NVDA;NXPI;ODFL;OKTA;ORLY;PANW;PAYX;PCAR;PDD;PEP;PYPL;QCOM;REGN;ROST;SBUX;SGEN;SIRI;SNPS;SPLK;SWKS;TEAM;TMUS;TSLA;TXN;VRSK;VRSN;VRTX;WBA;WDAY;XEL;ZM;ZS
2022-10,AAPL;ABNB;ADBE;ADI;ADP;ADSK;AEP;ALGN;AMAT;AMD;AMGN;AMZN;ANSS;ASML;ATVI;AVGO;AZN;BIDU;BIIB;BKNG;CDNS;CEG;CHTR;CMCSA;COST;CPRT;CRWD;CSCO;CSX;CTAS;CTSH;DDOG;DLTR;DOCU;DXCM;EA;EBAY;EXC;FAST;FISV;FTNT;GILD;GOOGL;HON;IDXX;ILMN;INTC;INTU;ISRG;JD;KDP;KHC;KLAC;LCID;LRCX;LULU;MAR;MCHP;MDLZ;MELI;META;MNST;MRNA;MRVL;MSFT;MTCH;MU;NFLX;NTES;NVDA;NXPI;ODFL;OKTA;ORLY;PANW;PAYX;PCAR;PDD;PEP;PYPL;QCOM;REGN;ROST;SBUX;SGEN;SIRI;SNPS;SPLK;SWKS;TEAM;TMUS;TSLA;TXN;VRSK;VRSN;VRTX;WBA;WDAY;XEL;ZM;ZS
2022-11,AAPL;ABNB;ADBE;ADI;ADP;ADSK;AEP;ALGN;AMAT;AMD;AMGN;AMZN;ANSS;ASML;ATVI;AVGO;AZN;BIDU;BIIB;BKNG;CDNS;CEG;CHTR;CMCSA;COST;CPRT;CRWD;CSCO;CSX;CTAS;CTSH;DDOG;DLTR;DOCU;DXCM;EA;EBAY;EXC;FAST;FISV;FTNT;GILD;GOOGL;HON;IDXX;ILMN;INTC;INTU;ISRG;JD;KDP;KHC;KLAC;LCID;LRCX;LULU;MAR;MCHP;MDLZ;MELI;META;MNST;MRNA;MRVL;MSFT;MTCH;MU;NFLX;NTES;NVDA;NXPI;ODFL;OKTA;ORLY;PANW;PAYX;PCAR;PDD;PEP;PYPL;QCOM;REGN;ROST;SBUX;SGEN;SIRI;SNPS;SPLK;SWKS;TEAM;TMUS;TSLA;TXN;VRSK;VRSN;VRTX;WBA;WDAY;XEL;ZM;ZS
2022-12,AAPL;ABNB;ADBE;ADI;ADP;ADSK;AEP;ALGN;AMAT;AMD;AMGN;AMZN;ANSS;ASML;ATVI;AVGO;AZN;BIDU;BIIB;BKNG;CDNS;CEG;CHTR;CMCSA;COST;CPRT;CRWD;CSCO;CSX;CTAS;CTSH;DDOG;DLTR;DOCU;DXCM;EA;EBAY;ENPH;EXC;FAST;FISV;FTNT;GILD;GOOGL;HON;IDXX;ILMN;INTC;INTU;ISRG;JD;KDP;KHC;KLAC;LCID;LRCX;LULU;MAR;MCHP;MDLZ;MELI;META;MNST;MRNA;MRVL;MSFT;MTCH;MU;NFLX;NTES;NVDA;NXPI;ODFL;ORLY;PANW;PAYX;PCAR;PDD;PEP;PYPL;QCOM;REGN;ROST;SBUX;SGEN;SIRI;SNPS;SPLK;SWKS;TEAM;TMUS;TSLA;TXN;VRSK;VRSN;VRTX;WBA;WDAY;XEL;ZM;ZS
2023-01,AAPL;ABNB;ADBE;ADI;ADP;ADSK;AEP;ALGN;AMAT;AMD;AMGN;AMZN;ANSS;ASML;ATVI;AVGO;AZN;BIIB;BKNG;BKR;CDNS;CEG;CHTR;CMCSA;COST;CPRT;CRWD;CSCO;CSGP;CSX;CTAS;CTSH;DDOG;DLTR;DXCM;EA;EBAY;ENPH;EXC;FANG;FAST;FISV;FTNT;GFS;GILD;GOOGL;HON;IDXX;ILMN;INTC;INTU;ISRG;JD;KDP;KHC;KLAC;LCID;LRCX;LULU;MAR;MCHP;MDLZ;MELI;META;MNST;MRNA;MRVL;MSFT;MU;NFLX;NVDA;NXPI;ODFL;ORLY;PANW;PAYX;PCAR;PDD;PEP;PYPL;QCOM;REGN;RIVN;ROST;SBUX;SGEN;SIRI;SNPS;TEAM;TMUS;TSLA;TXN;VRSK;VRTX;WBA;WBD;WDAY;XEL;ZM;ZS
2023-02,AAPL;ABNB;ADBE;ADI;ADP;ADSK;AEP;ALGN;AMAT;AMD;AMGN;AMZN;ANSS;ASML;ATVI;AVGO;AZN;BIIB;BKNG;BKR;CDNS;CEG;CHTR;CMCSA;COST;CPRT;CRWD;CSCO;CSGP;CSX;CTAS;CTSH;DDOG;DLTR;DXCM;EA;EBAY;ENPH;EXC;FANG;FAST;FISV;FTNT;GFS;GILD;GOOGL;HON;IDXX;ILMN;INTC;INTU;ISRG;JD;KDP;KHC;KLAC;LCID;LRCX;LULU;MAR;MCHP;MDLZ;MELI;META;MNST;MRNA;MRVL;MSFT;MU;NFLX;NVDA;NXPI;ODFL;ORLY;PANW;PAYX;PCAR;PDD;PEP;PYPL;QCOM;REGN;RIVN;ROST;SBUX;SGEN;SIRI;SNPS;TEAM;TMUS;TSLA;TXN;VRSK;VRTX;WBA;WBD;WDAY;XEL;ZM;ZS
2023-03,AAPL;ABNB;ADBE;ADI;ADP;ADSK;AEP;ALGN;AMAT;AMD;AMGN;AMZN;ANSS;ASML;ATVI;AVGO;AZN;BIIB;BKNG;BKR;CDNS;CEG;CHTR;CMCSA;COST;CPRT;CRWD;CSCO;CSGP;CSX;CTAS;CTSH;DDOG;DLTR;DXCM;EA;EBAY;ENPH;EXC;FANG;FAST;FISV;FTNT;GFS;GILD;GOOGL;HON;IDXX;ILMN;INTC;INTU;ISRG;JD;KDP;KHC;KLAC;LCID;LRCX;LULU;MAR;MCHP;MDLZ;MELI;META;MNST;MRNA;MRVL;MSFT;MU;NFLX;NVDA;NXPI;ODFL;ORLY;PANW;PAYX;PCAR;PDD;PEP;PYPL;QCOM;REGN;RIVN;ROST;SBUX;SGEN;SIRI;SNPS;TEAM;TMUS;TSLA;TXN;VRSK;VRTX;WBA;WBD;WDAY;XEL;ZM;ZS
2023-04,AAPL;ABNB;ADBE;ADI;ADP;ADSK;AEP;ALGN;AMAT;AMD;AMGN;AMZN;ANSS;ASML;ATVI;AVGO;AZN;BIIB;BKNG;BKR;CDNS;CEG;CHTR;CMCSA;COST;CPRT;CRWD;CSCO;CSGP;CSX;CTAS;CTSH;DDOG;DLTR;DXCM;EA;EBAY;ENPH;EXC;FANG;FAST;FISV;FTNT;GFS;GILD;GOOGL;HON;IDXX;ILMN;INTC;INTU;ISRG;JD;KDP;KHC;KLAC;LCID;LRCX;LULU;MAR;MCHP;MDLZ;MELI;META;MNST;MRNA;MRVL;MSFT;MU;NFLX;NVDA;NXPI;ODFL;ORLY;PANW;PAYX;PCAR;PDD;PEP;PYPL;QCOM;REGN;RIVN;ROST;SBUX;SGEN;SIRI;SNPS;TEAM;TMUS;TSLA;TXN;VRSK;VRTX;WBA;WBD;WDAY;XEL;ZM;ZS
2023-05,AAPL;ABNB;ADBE;ADI;ADP;ADSK;AEP;ALGN;AMAT;AMD;AMGN;AMZN;ANSS;ASML;ATVI;AVGO;AZN;BIIB;BKNG;BKR;CDNS;CEG;CHTR;CMCSA;COST;CPRT;CRWD;CSCO;CSGP;CSX;CTAS;CTSH;DDOG;DLTR;DXCM;EA;EBAY;ENPH;EXC;FANG;FAST;FISV;FTNT;GFS;GILD;GOOGL;HON;IDXX;ILMN;INTC;INTU;ISRG;JD;KDP;KHC;KLAC;LCID;LRCX;LULU;MAR;MCHP;MDLZ;MELI;META;MNST;MRNA;MRVL;MSFT;MU;NFLX;NVDA;NXPI;ODFL;ORLY;PANW;PAYX;PCAR;PDD;PEP;PYPL;QCOM;REGN;RIVN;ROST;SBUX;SGEN;SIRI;SNPS;TEAM;TMUS;TSLA;TXN;VRSK;VRTX;WBA;WBD;WDAY;XEL;ZM;ZS
2023-06,AAPL;ABNB;ADBE;ADI;ADP;ADSK;AEP;ALGN;AMAT;AMD;AMGN;AMZN;ANSS;ASML;ATVI;AVGO;AZN;BIIB;BKNG;BKR;CDNS;CEG;CHTR;CMCSA;COST;CPRT;CRWD;CSCO;CSGP;CSX;CTAS;CTSH;DDOG;DLTR;DXCM;EA;EBAY;ENPH;EXC;FANG;FAST;FISV;FTNT;GFS;GILD;GOOGL;HON;IDXX;ILMN;INTC;INTU;ISRG;JD;KDP;KHC;KLAC;LCID;LRCX;LULU;MAR;MCHP;MDLZ;MELI;META;MNST;MRNA;MRVL;MSFT;MU;NFLX;NVDA;NXPI;ODFL;ORLY;PANW;PAYX;PCAR;PDD;PEP;PYPL;QCOM;REGN;RIVN;ROST;SBUX;SGEN;SIRI;SNPS;TEAM;TMUS;TSLA;TXN;VRSK;VRTX;WBA;WBD;WDAY;XEL;ZM;ZS
2023-07,AAPL;ABNB;ADBE;ADI;ADP;ADSK;AEP;ALGN;AMAT;AMD;AMGN;AMZN;ANSS;ASML;ATVI;AVGO;AZN;BIIB;BKNG;BKR;CDNS;CEG;CHTR;CMCSA;COST;CPRT;CRWD;CSCO;CSGP;CSX;CTAS;CTSH;DDOG;DLTR;DXCM;EA;EBAY;ENPH;EXC;FANG;FAST;FTNT;GEHC;GFS;GILD;GOOGL;HON;IDXX;ILMN;INTC;INTU;ISRG;JD;KDP;KHC;KLAC;LCID;LRCX;LULU;MAR;MCHP;MDLZ;MELI;META;MNST;MRNA;MRVL;MSFT;MU;NFLX;NVDA;NXPI;ODFL;ON;ORLY;PANW;PAYX;PCAR;PDD;PEP;PYPL;QCOM;REGN;ROST;SBUX;SGEN;SIRI;SNPS;TEAM;TMUS;TSLA;TXN;VRSK;VRTX;WBA;WBD;WDAY;XEL;ZM;ZS
2023-08,AAPL;ABNB;ADBE;ADI;ADP;ADSK;AEP;ALGN;AMAT;AMD;AMGN;AMZN;ANSS;ASML;AVGO;AZN;BIIB;BKNG;BKR;CDNS;CEG;CHTR;CMCSA;COST;CPRT;CRWD;CSCO;CSGP;CSX;CTAS;CTSH;DDOG;DLTR;DXCM;EA;EBAY;ENPH;EXC;FANG;FAST;FTNT;GEHC;GFS;GILD;GOOGL;HON;IDXX;ILMN;INTC;INTU;ISRG;JD;KDP;KHC;KLAC;LCID;LRCX;LULU;MAR;MCHP;MDLZ;MELI;META;MNST;MRNA;MRVL;MSFT;MU;NFLX;NVDA;NXPI;ODFL;ON;ORLY;PANW;PAYX;PCAR;PDD;PEP;PYPL;QCOM;REGN;ROST;SBUX;SGEN;SIRI;SNPS;TEAM;TMUS;TSLA;TTD;TXN;VRSK;VRTX;WBA;WBD;WDAY;XEL;ZM;ZS
2023-09,AAPL;ABNB;ADBE;ADI;ADP;ADSK;AEP;ALGN;AMAT;AMD;AMGN;AMZN;ANSS;ASML;AVGO;AZN;BIIB;BKNG;BKR;CDNS;CEG;CHTR;CMCSA;COST;CPRT;CRWD;CSCO;CSGP;CSX;CTAS;CTSH;DDOG;DLTR;DXCM;EA;EBAY;ENPH;EXC;FANG;FAST;FTNT;GEHC;GFS;GILD;GOOGL;HON;IDXX;ILMN;INTC;INTU;ISRG;JD;KDP;KHC;KLAC;LCID;LRCX;LULU;MAR;MCHP;MDLZ;MELI;META;MNST;MRNA;MRVL;MSFT;MU;NFLX;NVDA;NXPI;ODFL;ON;ORLY;PANW;PAYX;PCAR;PDD;PEP;PYPL;QCOM;REGN;ROST;SBUX;SGEN;SIRI;SNPS;TEAM;TMUS;TSLA;TTD;TXN;VRSK;VRTX;WBA;WBD;WDAY;XEL;ZM;ZS
2023-10,AAPL;ABNB;ADBE;ADI;ADP;ADSK;AEP;ALGN;AMAT;AMD;AMGN;AMZN;ANSS;ASML;AVGO;AZN;BIIB;BKNG;BKR;CDNS;CEG;CHTR;CMCSA;COST;CPRT;CRWD;CSCO;CSGP;CSX;CTAS;CTSH;DDOG;DLTR;DXCM;EA;EBAY;ENPH;EXC;FANG;FAST;FTNT;GEHC;GFS;GILD;GOOGL;HON;IDXX;ILMN;INTC;INTU;ISRG;JD;KDP;KHC;KLAC;LCID;LRCX;LULU;MAR;MCHP;MDLZ;MELI;META;MNST;MRNA;MRVL;MSFT;MU;NFLX;NVDA;NXPI;ODFL;ON;ORLY;PANW;PAYX;PCAR;PDD;PEP;PYPL;QCOM;REGN;ROST;SBUX;SGEN;SIRI;SNPS;TEAM;TMUS;TSLA;TTD;TXN;VRSK;VRTX;WBA;WBD;WDAY;XEL;ZM;ZS
2023-11,AAPL;ABNB;ADBE;ADI;ADP;ADSK;AEP;ALGN;AMAT;AMD;AMGN;AMZN;ANSS;ASML;AVGO;AZN;BIIB;BKNG;BKR;CDNS;CEG;CHTR;CMCSA;COST;CPRT;CRWD;CSCO;CSGP;CSX;CTAS;CTSH;DDOG;DLTR;DXCM;EA;EBAY;ENPH;EXC;FANG;FAST;FTNT;GEHC;GFS;GILD;GOOGL;HON;IDXX;ILMN;INTC;INTU;ISRG;JD;KDP;KHC;KLAC;LCID;LRCX;LULU;MAR;MCHP;MDLZ;MELI;META;MNST;MRNA;MRVL;MSFT;MU;NFLX;NVDA;NXPI;ODFL;ON;ORLY;PANW;PAYX;PCAR;PDD;PEP;PYPL;QCOM;REGN;ROST;SBUX;SGEN;SIRI;SNPS;TEAM;TMUS;TSLA;TTD;TXN;VRSK;VRTX;WBA;WBD;WDAY;XEL;ZM;ZS
2023-12,AAPL;ABNB;ADBE;ADI;ADP;ADSK;AEP;ALGN;AMAT;AMD;AMGN;AMZN;ANSS;ASML;AVGO;AZN;BIIB;BKNG;BKR;CDNS;CEG;CHTR;CMCSA;COST;CPRT;CRWD;CSCO;CSGP;CSX;CTAS;CTSH;DDOG;DLTR;DXCM;EA;EBAY;ENPH;EXC;FANG;FAST;FTNT;GEHC;GFS;GILD;GOOGL;HON;IDXX;ILMN;INTC;INTU;ISRG;JD;KDP;KHC;KLAC;LCID;LRCX;LULU;MAR;MCHP;MDLZ;MELI;META;MNST;MRNA;MRVL;MSFT;MU;NFLX;NVDA;NXPI;ODFL;ON;ORLY;PANW;PAYX;PCAR;PDD;PEP;PYPL;QCOM;REGN;ROST;SBUX;SGEN;SIRI;SNPS;TEAM;TMUS;TSLA;TTD;TXN;VRSK;VRTX;WBA;WBD;WDAY;XEL;ZM;ZS
2024-01,AAPL;ABNB;ADBE;ADI;ADP;ADSK;AEP;AMAT;AMD;AMGN;AMZN;ANSS;ASML;AVGO;AZN;BIIB;BKNG;BKR;CCEP;CDNS;CDW;CEG;CHTR;CMCSA;COST;CPRT;CRWD;CSCO;CSGP;CSX;CTAS;CTSH;DASH;DDOG;DLTR;DXCM;EA;EXC;FANG;FAST;FTNT;GEHC;GFS;GILD;GOOGL;HON;IDXX;ILMN;INTC;INTU;ISRG;KDP;KHC;KLAC;LRCX;LULU;MAR;MCHP;MDB;MDLZ;MELI;META;MNST;MRNA;MRVL;MSFT;MU;NFLX;NVDA;NXPI;ODFL;ON;ORLY;PANW;PAYX;PCAR;PDD;PEP;PYPL;QCOM;REGN;ROP;ROST;SBUX;SIRI;SNPS;SPLK;TEAM;TMUS;TSLA;TTD;TTWO;TXN;VRSK;VRTX;WBA;WBD;WDAY;XEL;ZS
2024-02,AAPL;ABNB;ADBE;ADI;ADP;ADSK;AEP;AMAT;AMD;AMGN;AMZN;ANSS;ASML;AVGO;AZN;BIIB;BKNG;BKR;CCEP;CDNS;CDW;CEG;CHTR;CMCSA;COST;CPRT;CRWD;CSCO;CSGP;CSX;CTAS;CTSH;DASH;DDOG;DLTR;DXCM;EA;EXC;FANG;FAST;FTNT;GEHC;GFS;GILD;GOOGL;HON;IDXX;ILMN;INTC;INTU;ISRG;KDP;KHC;KLAC;LRCX;LULU;MAR;MCHP;MDB;MDLZ;MELI;META;MNST;MRNA;MRVL;MSFT;MU;NFLX;NVDA;NXPI;ODFL;ON;ORLY;PANW;PAYX;PCAR;PDD;PEP;PYPL;QCOM;REGN;ROP;ROST;SBUX;SIRI;SNPS;SPLK;TEAM;TMUS;TSLA;TTD;TTWO;TXN;VRSK;VRTX;WBA;WBD;WDAY;XEL;ZS
2024-03,AAPL;ABNB;ADBE;ADI;ADP;ADSK;AEP;AMAT;AMD;AMGN;AMZN;ANSS;ASML;AVGO;AZN;BIIB;BKNG;BKR;CCEP;CDNS;CDW;CEG;CHTR;CMCSA;COST;CPRT;CRWD;CSCO;CSGP;CSX;CTAS;CTSH;DASH;DDOG;DLTR;DXCM;EA;EXC;FANG;FAST;FTNT;GEHC;GFS;GILD;GOOGL;HON;IDXX;ILMN;INTC;INTU;ISRG;KDP;KHC;KLAC;LRCX;LULU;MAR;MCHP;MDB;MDLZ;MELI;META;MNST;MRNA;MRVL;MSFT;MU;NFLX;NVDA;NXPI;ODFL;ON;ORLY;PANW;PAYX;PCAR;PDD;PEP;PYPL;QCOM;REGN;ROP;ROST;SBUX;SIRI;SNPS;SPLK;TEAM;TMUS;TSLA;TTD;TTWO;TXN;VRSK;VRTX;WBA;WBD;WDAY;XEL;ZS
2024-04,AAPL;ABNB;ADBE;ADI;ADP;ADSK;AEP;AMAT;AMD;AMGN;AMZN;ANSS;ASML;AVGO;AZN;BIIB;BKNG;BKR;CCEP;CDNS;CDW;CEG;CHTR;CMCSA;COST;CPRT;CRWD;CSCO;CSGP;CSX;CTAS;CTSH;DASH;DDOG;DLTR;DXCM;EA;EXC;FANG;FAST;FTNT;GEHC;GFS;GILD;GOOGL;HON;IDXX;ILMN;INTC;INTU;ISRG;KDP;KHC;KLAC;LIN;LRCX;LULU;MAR;MCHP;MDB;MDLZ;MELI;META;MNST;MRNA;MRVL;MSFT;MU;NFLX;NVDA;NXPI;ODFL;ON;ORLY;PANW;PAYX;PCAR;PDD;PEP;PYPL;QCOM;REGN;ROP;ROST;SBUX;SIRI;SNPS;TEAM;TMUS;TSLA;TTD;TTWO;TXN;VRSK;VRTX;WBA;WBD;WDAY;XEL;ZS
2024-05,AAPL;ABNB;ADBE;ADI;ADP;ADSK;AEP;AMAT;AMD;AMGN;AMZN;ANSS;ASML;AVGO;AZN;BIIB;BKNG;BKR;CCEP;CDNS;CDW;CEG;CHTR;CMCSA;COST;CPRT;CRWD;CSCO;CSGP;CSX;CTAS;CTSH;DASH;DDOG;DLTR;DXCM;EA;EXC;FANG;FAST;FTNT;GEHC;GFS;GILD;GOOGL;HON;IDXX;ILMN;INTC;INTU;ISRG;KDP;KHC;KLAC;LIN;LRCX;LULU;MAR;MCHP;MDB;MDLZ;MELI;META;MNST;MRNA;MRVL;MSFT;MU;NFLX;NVDA;NXPI;ODFL;ON;ORLY;PANW;PAYX;PCAR;PDD;PEP;PYPL;QCOM;REGN;ROP;ROST;SBUX;SIRI;SNPS;TEAM;TMUS;TSLA;TTD;TTWO;TXN;VRSK;VRTX;WBA;WBD;WDAY;XEL;ZS
2024-06,AAPL;ABNB;ADBE;ADI;ADP;ADSK;AEP;AMAT;AMD;AMGN;AMZN;ANSS;ASML;AVGO;AZN;BIIB;BKNG;BKR;CCEP;CDNS;CDW;CEG;CHTR;CMCSA;COST;CPRT;CRWD;CSCO;CSGP;CSX;CTAS;CTSH;DASH;DDOG;DLTR;DXCM;EA;EXC;FANG;FAST;FTNT;GEHC;GFS;GILD;GOOGL;HON;IDXX;ILMN;INTC;INTU;ISRG;KDP;KHC;KLAC;LIN;LRCX;LULU;MAR;MCHP;MDB;MDLZ;MELI;META;MNST;MRNA;MRVL;MSFT;MU;NFLX;NVDA;NXPI;ODFL;ON;ORLY;PANW;PAYX;PCAR;PDD;PEP;PYPL;QCOM;REGN;ROP;ROST;SBUX;SIRI;SNPS;TEAM;TMUS;TSLA;TTD;TTWO;TXN;VRSK;VRTX;WBA;WBD;WDAY;XEL;ZS
2024-07,AAPL;ABNB;ADBE;ADI;ADP;ADSK;AEP;AMAT;AMD;AMGN;AMZN;ANSS;ARM;ASML;AVGO;AZN;BIIB;BKNG;BKR;CCEP;CDNS;CDW;CEG;CHTR;CMCSA;COST;CPRT;CRWD;CSCO;CSGP;CSX;CTAS;CTSH;DASH;DDOG;DLTR;DXCM;EA;EXC;FANG;FAST;FTNT;GEHC;GFS;GILD;GOOGL;HON;IDXX;ILMN;INTC;INTU;ISRG;KDP;KHC;KLAC;LIN;LRCX;LULU;MAR;MCHP;MDB;MDLZ;MELI;META;MNST;MRNA;MRVL;MSFT;MU;NFLX;NVDA;NXPI;ODFL;ON;ORLY;PANW;PAYX;PCAR;PDD;PEP;PYPL;QCOM;REGN;ROP;ROST;SBUX;SNPS;TEAM;TMUS;TSLA;TTD;TTWO;TXN;VRSK;VRTX;WBA;WBD;WDAY;XEL;ZS
2024-08,AAPL;ABNB;ADBE;ADI;ADP;ADSK;AEP;AMAT;AMD;AMGN;AMZN;ANSS;ARM;ASML;AVGO;AZN;BIIB;BKNG;BKR;CCEP;CDNS;CDW;CEG;CHTR;CMCSA;COST;CPRT;CRWD;CSCO;CSGP;CSX;CTAS;CTSH;DASH;DDOG;DLTR;DXCM;EA;EXC;FANG;FAST;FTNT;GEHC;GFS;GILD;GOOGL;HON;IDXX;ILMN;INTC;INTU;ISRG;KDP;KHC;KLAC;LIN;LRCX;LULU;MAR;MCHP;MDB;MDLZ;MELI;META;MNST;MRNA;MRVL;MSFT;MU;NFLX;NVDA;NXPI;ODFL;ON;ORLY;PANW;PAYX;PCAR;PDD;PEP;PYPL;QCOM;REGN;ROP;ROST;SBUX;SMCI;SNPS;TEAM;TMUS;TSLA;TTD;TTWO;TXN;VRSK;VRTX;WBD;WDAY;XEL;ZS
2024-09,AAPL;ABNB;ADBE;ADI;ADP;ADSK;AEP;AMAT;AMD;AMGN;AMZN;ANSS;ARM;ASML;AVGO;AZN;BIIB;BKNG;BKR;CCEP;CDNS;CDW;CEG;CHTR;CMCSA;COST;CPRT;CRWD;CSCO;CSGP;CSX;CTAS;CTSH;DASH;DDOG;DLTR;DXCM;EA;EXC;FANG;FAST;FTNT;GEHC;GFS;GILD;GOOGL;HON;IDXX;ILMN;INTC;INTU;ISRG;KDP;KHC;KLAC;LIN;LRCX;LULU;MAR;MCHP;MDB;MDLZ;MELI;META;MNST;MRNA;MRVL;MSFT;MU;NFLX;NVDA;NXPI;ODFL;ON;ORLY;PANW;PAYX;PCAR;PDD;PEP;PYPL;QCOM;REGN;ROP;ROST;SBUX;SMCI;SNPS;TEAM;TMUS;TSLA;TTD;TTWO;TXN;VRSK;VRTX;WBD;WDAY;XEL;ZS
2024-10,AAPL;ABNB;ADBE;ADI;ADP;ADSK;AEP;AMAT;AMD;AMGN;AMZN;ANSS;ARM;ASML;AVGO;AZN;BIIB;BKNG;BKR;CCEP;CDNS;CDW;CEG;CHTR;CMCSA;COST;CPRT;CRWD;CSCO;CSGP;CSX;CTAS;CTSH;DASH;DDOG;DLTR;DXCM;EA;EXC;FANG;FAST;FTNT;GEHC;GFS;GILD;GOOGL;HON;IDXX;ILMN;INTC;INTU;ISRG;KDP;KHC;KLAC;LIN;LRCX;LULU;MAR;MCHP;MDB;MDLZ;MELI;META;MNST;MRNA;MRVL;MSFT;MU;NFLX;NVDA;NXPI;ODFL;ON;ORLY;PANW;PAYX;PCAR;PDD;PEP;PYPL;QCOM;REGN;ROP;ROST;SBUX;SMCI;SNPS;TEAM;TMUS;TSLA;TTD;TTWO;TXN;VRSK;VRTX;WBD;WDAY;XEL;ZS
2024-11,AAPL;ABNB;ADBE;ADI;ADP;ADSK;AEP;AMAT;AMD;AMGN;AMZN;ANSS;ARM;ASML;AVGO;AZN;BIIB;BKNG;BKR;CCEP;CDNS;CDW;CEG;CHTR;CMCSA;COST;CPRT;CRWD;CSCO;CSGP;CSX;CTAS;CTSH;DASH;DDOG;DLTR;DXCM;EA;EXC;FANG;FAST;FTNT;GEHC;GFS;GILD;GOOGL;HON;IDXX;ILMN;INTC;INTU;ISRG;KDP;KHC;KLAC;LIN;LRCX;LULU;MAR;MCHP;MDB;MDLZ;MELI;META;MNST;MRNA;MRVL;MSFT;MU;NFLX;NVDA;NXPI;ODFL;ON;ORLY;PANW;PAYX;PCAR;PDD;PEP;PYPL;QCOM;REGN;ROP;ROST;SBUX;SMCI;SNPS;TEAM;TMUS;TSLA;TTD;TTWO;TXN;VRSK;VRTX;WBD;WDAY;XEL;ZS
2024-12,AAPL;ABNB;ADBE;ADI;ADP;ADSK;AEP;AMAT;AMD;AMGN;AMZN;ANSS;APP;ARM;ASML;AVGO;AZN;BIIB;BKNG;BKR;CCEP;CDNS;CDW;CEG;CHTR;CMCSA;COST;CPRT;CRWD;CSCO;CSGP;CSX;CTAS;CTSH;DASH;DDOG;DXCM;EA;EXC;FANG;FAST;FTNT;GEHC;GFS;GILD;GOOGL;HON;IDXX;ILMN;INTC;INTU;ISRG;KDP;KHC;KLAC;LIN;LRCX;LULU;MAR;MCHP;MDB;MDLZ;MELI;META;MNST;MRNA;MRVL;MSFT;MU;NFLX;NVDA;NXPI;ODFL;ON;ORLY;PANW;PAYX;PCAR;PDD;PEP;PYPL;QCOM;REGN;ROP;ROST;SBUX;SMCI;SNPS;TEAM;TMUS;TSLA;TTD;TTWO;TXN;VRSK;VRTX;WBD;WDAY;XEL;ZS
2025-01,AAPL;ABNB;ADBE;ADI;ADP;ADSK;AEP;AMAT;AMD;AMGN;AMZN;ANSS;APP;ARM;ASML;AVGO;AXON;AZN;BIIB;BKNG;BKR;CCEP;CDNS;CDW;CEG;CHTR;CMCSA;COST;CPRT;CRWD;CSCO;CSGP;CSX;CTAS;CTSH;DASH;DDOG;DXCM;EA;EXC;FANG;FAST;FTNT;GEHC;GFS;GILD;GOOGL;HON;IDXX;INTC;INTU;ISRG;KDP;KHC;KLAC;LIN;LRCX;LULU;MAR;MCHP;MDB;MDLZ;MELI;META;MNST;MRVL;MSFT;MSTR;MU;NFLX;NVDA;NXPI;ODFL;ON;ORLY;PANW;PAYX;PCAR;PDD;PEP;PLTR;PYPL;QCOM;REGN;ROP;ROST;SBUX;SNPS;TEAM;TMUS;TSLA;TTD;TTWO;TXN;VRSK;VRTX;WBD;WDAY;XEL;ZS
2025-02,AAPL;ABNB;ADBE;ADI;ADP;ADSK;AEP;AMAT;AMD;AMGN;AMZN;ANSS;APP;ARM;ASML;AVGO;AXON;AZN;BIIB;BKNG;BKR;CCEP;CDNS;CDW;CEG;CHTR;CMCSA;COST;CPRT;CRWD;CSCO;CSGP;CSX;CTAS;CTSH;DASH;DDOG;DXCM;EA;EXC;FANG;FAST;FTNT;GEHC;GFS;GILD;GOOGL;HON;IDXX;INTC;INTU;ISRG;KDP;KHC;KLAC;LIN;LRCX;LULU;MAR;MCHP;MDB;MDLZ;MELI;META;MNST;MRVL;MSFT;MSTR;MU;NFLX;NVDA;NXPI;ODFL;ON;ORLY;PANW;PAYX;PCAR;PDD;PEP;PLTR;PYPL;QCOM;REGN;ROP;ROST;SBUX;SNPS;TEAM;TMUS;TSLA;TTD;TTWO;TXN;VRSK;VRTX;WBD;WDAY;XEL;ZS
2025-03,AAPL;ABNB;ADBE;ADI;ADP;ADSK;AEP;AMAT;AMD;AMGN;AMZN;ANSS;APP;ARM;ASML;AVGO;AXON;AZN;BIIB;BKNG;BKR;CCEP;CDNS;CDW;CEG;CHTR;CMCSA;COST;CPRT;CRWD;CSCO;CSGP;CSX;CTAS;CTSH;DASH;DDOG;DXCM;EA;EXC;FANG;FAST;FTNT;GEHC;GFS;GILD;GOOGL;HON;IDXX;INTC;INTU;ISRG;KDP;KHC;KLAC;LIN;LRCX;LULU;MAR;MCHP;MDB;MDLZ;MELI;META;MNST;MRVL;MSFT;MSTR;MU;NFLX;NVDA;NXPI;ODFL;ON;ORLY;PANW;PAYX;PCAR;PDD;PEP;PLTR;PYPL;QCOM;REGN;ROP;ROST;SBUX;SNPS;TEAM;TMUS;TSLA;TTD;TTWO;TXN;VRSK;VRTX;WBD;WDAY;XEL;ZS
2025-04,AAPL;ABNB;ADBE;ADI;ADP;ADSK;AEP;AMAT;AMD;AMGN;AMZN;ANSS;APP;ARM;ASML;AVGO;AXON;AZN;BIIB;BKNG;BKR;CCEP;CDNS;CDW;CEG;CHTR;CMCSA;COST;CPRT;CRWD;CSCO;CSGP;CSX;CTAS;CTSH;DASH;DDOG;DXCM;EA;EXC;FANG;FAST;FTNT;GEHC;GFS;GILD;GOOGL;HON;IDXX;INTC;INTU;ISRG;KDP;KHC;KLAC;LIN;LRCX;LULU;MAR;MCHP;MDB;MDLZ;MELI;META;MNST;MRVL;MSFT;MSTR;MU;NFLX;NVDA;NXPI;ODFL;ON;ORLY;PANW;PAYX;PCAR;PDD;PEP;PLTR;PYPL;QCOM;REGN;ROP;ROST;SBUX;SNPS;TEAM;TMUS;TSLA;TTD;TTWO;TXN;VRSK;VRTX;WBD;WDAY;XEL;ZS
2025-05,AAPL;ABNB;ADBE;ADI;ADP;ADSK;AEP;AMAT;AMD;AMGN;AMZN;ANSS;APP;ARM;ASML;AVGO;AXON;AZN;BIIB;BKNG;BKR;CCEP;CDNS;CDW;CEG;CHTR;CMCSA;COST;CPRT;CRWD;CSCO;CSGP;CSX;CTAS;CTSH;DASH;DDOG;DXCM;EA;EXC;FANG;FAST;FTNT;GEHC;GFS;GILD;GOOGL;HON;IDXX;INTC;INTU;ISRG;KDP;KHC;KLAC;LIN;LRCX;LULU;MAR;MCHP;MDB;MDLZ;MELI;META;MNST;MRVL;MSFT;MSTR;MU;NFLX;NVDA;NXPI;ODFL;ON;ORLY;PANW;PAYX;PCAR;PDD;PEP;PLTR;PYPL;QCOM;REGN;ROP;ROST;SBUX;SNPS;TEAM;TMUS;TSLA;TTD;TTWO;TXN;VRSK;VRTX;WBD;WDAY;XEL;ZS
2025-06,AAPL;ABNB;ADBE;ADI;ADP;ADSK;AEP;AMAT;AMD;AMGN;AMZN;ANSS;APP;ARM;ASML;AVGO;AXON;AZN;BIIB;BKNG;BKR;CCEP;CDNS;CDW;CEG;CHTR;CMCSA;COST;CPRT;CRWD;CSCO;CSGP;CSX;CTAS;CTSH;DASH;DDOG;DXCM;EA;EXC;FANG;FAST;FTNT;GEHC;GFS;GILD;GOOGL;HON;IDXX;INTC;INTU;ISRG;KDP;KHC;KLAC;LIN;LRCX;LULU;MAR;MCHP;MDLZ;MELI;META;MNST;MRVL;MSFT;MSTR;MU;NFLX;NVDA;NXPI;ODFL;ON;ORLY;PANW;PAYX;PCAR;PDD;PEP;PLTR;PYPL;QCOM;REGN;ROP;ROST;SBUX;SHOP;SNPS;TEAM;TMUS;TSLA;TTD;TTWO;TXN;VRSK;VRTX;WBD;WDAY;XEL;ZS
2025-07,AAPL;ABNB;ADBE;ADI;ADP;ADSK;AEP;AMAT;AMD;AMGN;AMZN;ANSS;APP;ARM;ASML;AVGO;AXON;AZN;BIIB;BKNG;BKR;CCEP;CDNS;CDW;CEG;CHTR;CMCSA;COST;CPRT;CRWD;CSCO;CSGP;CSX;CTAS;CTSH;DASH;DDOG;DXCM;EA;EXC;FANG;FAST;FTNT;GEHC;GFS;GILD;GOOGL;HON;IDXX;INTC;INTU;ISRG;KDP;KHC;KLAC;LIN;LRCX;LULU;MAR;MCHP;MDLZ;MELI;META;MNST;MRVL;MSFT;MSTR;MU;NFLX;NVDA;NXPI;ODFL;ON;ORLY;PANW;PAYX;PCAR;PDD;PEP;PLTR;PYPL;QCOM;REGN;ROP;ROST;SBUX;SHOP;SNPS;TEAM;TMUS;TSLA;TTD;TTWO;TXN;VRSK;VRTX;WBD;WDAY;XEL;ZS
2025-08,AAPL;ABNB;ADBE;ADI;ADP;ADSK;AEP;AMAT;AMD;AMGN;AMZN;APP;ARM;ASML;AVGO;AXON;AZN;BIIB;BKNG;BKR;CCEP;CDNS;CDW;CEG;CHTR;CMCSA;COST;CPRT;CRWD;CSCO;CSGP;CSX;CTAS;CTSH;DASH;DDOG;DXCM;EA;EXC;FANG;FAST;FTNT;GEHC;GFS;GILD;GOOGL;HON;IDXX;INTC;INTU;ISRG;KDP;KHC;KLAC;LIN;LRCX;LULU;MAR;MCHP;MDLZ;MELI;META;MNST;MRVL;MSFT;MSTR;MU;NFLX;NVDA;NXPI;ODFL;ON;ORLY;PANW;PAYX;PCAR;PDD;PEP;PLTR;PYPL;QCOM;REGN;ROP;ROST;SBUX;SHOP;SNPS;TEAM;TMUS;TRI;TSLA;TTD;TTWO;TXN;VRSK;VRTX;WBD;WDAY;XEL;ZS
2025-09,AAPL;ABNB;ADBE;ADI;ADP;ADSK;AEP;AMAT;AMD;AMGN;AMZN;APP;ARM;ASML;AVGO;AXON;AZN;BIIB;BKNG;BKR;CCEP;CDNS;CDW;CEG;CHTR;CMCSA;COST;CPRT;CRWD;CSCO;CSGP;CSX;CTAS;CTSH;DASH;DDOG;DXCM;EA;EXC;FANG;FAST;FTNT;GEHC;GFS;GILD;GOOGL;HON;IDXX;INTC;INTU;ISRG;KDP;KHC;KLAC;LIN;LRCX;LULU;MAR;MCHP;MDLZ;MELI;META;MNST;MRVL;MSFT;MSTR;MU;NFLX;NVDA;NXPI;ODFL;ON;ORLY;PANW;PAYX;PCAR;PDD;PEP;PLTR;PYPL;QCOM;REGN;ROP;ROST;SBUX;SHOP;SNPS;TEAM;TMUS;TRI;TSLA;TTD;TTWO;TXN;VRSK;VRTX;WBD;WDAY;XEL;ZS
2025-10,AAPL;ABNB;ADBE;ADI;ADP;ADSK;AEP;AMAT;AMD;AMGN;AMZN;APP;ARM;ASML;AVGO;AXON;AZN;BIIB;BKNG;BKR;CCEP;CDNS;CDW;CEG;CHTR;CMCSA;COST;CPRT;CRWD;CSCO;CSGP;CSX;CTAS;CTSH;DASH;DDOG;DXCM;EA;EXC;FANG;FAST;FTNT;GEHC;GFS;GILD;GOOGL;HON;IDXX;INTC;INTU;ISRG;KDP;KHC;KLAC;LIN;LRCX;LULU;MAR;MCHP;MDLZ;MELI;META;MNST;MRVL;MSFT;MSTR;MU;NFLX;NVDA;NXPI;ODFL;ON;ORLY;PANW;PAYX;PCAR;PDD;PEP;PLTR;PYPL;QCOM;REGN;ROP;ROST;SBUX;SHOP;SNPS;TEAM;TMUS;TRI;TSLA;TTD;TTWO;TXN;VRSK;VRTX;WBD;WDAY;XEL;ZS
2025-11,AAPL;ABNB;ADBE;ADI;ADP;ADSK;AEP;AMAT;AMD;AMGN;AMZN;APP;ARM;ASML;AVGO;AXON;AZN;BIIB;BKNG;BKR;CCEP;CDNS;CDW;CEG;CHTR;CMCSA;COST;CPRT;CRWD;CSCO;CSGP;CSX;CTAS;CTSH;DASH;DDOG;DXCM;EA;EXC;FANG;FAST;FTNT;GEHC;GFS;GILD;GOOGL;HON;IDXX;INTC;INTU;ISRG;KDP;KHC;KLAC;LIN;LRCX;LULU;MAR;MCHP;MDLZ;MELI;META;MNST;MRVL;MSFT;MSTR;MU;NFLX;NVDA;NXPI;ODFL;ON;ORLY;PANW;PAYX;PCAR;PDD;PEP;PLTR;PYPL;QCOM;REGN;ROP;ROST;SBUX;SHOP;SNPS;SOLS;TEAM;TMUS;TRI;TSLA;TTD;TTWO;TXN;VRSK;VRTX;WBD;WDAY;XEL;ZS
2025-12,AAPL;ABNB;ADBE;ADI;ADP;ADSK;AEP;AMAT;AMD;AMGN;AMZN;APP;ARM;ASML;AVGO;AXON;AZN;BIIB;BKNG;BKR;CCEP;CDNS;CDW;CEG;CHTR;CMCSA;COST;CPRT;CRWD;CSCO;CSGP;CSX;CTAS;CTSH;DASH;DDOG;DXCM;EA;EXC;FANG;FAST;FTNT;GEHC;GFS;GILD;GOOGL;HON;IDXX;INTC;INTU;ISRG;KDP;KHC;KLAC;LIN;LRCX;LULU;MAR;MCHP;MDLZ;MELI;META;MNST;MRVL;MSFT;MSTR;MU;NFLX;NVDA;NXPI;ODFL;ON;ORLY;PANW;PAYX;PCAR;PDD;PEP;PLTR;PYPL;QCOM;REGN;ROP;ROST;SBUX;SHOP;SNPS;TEAM;TMUS;TRI;TSLA;TTD;TTWO;TXN;VRSK;VRTX;WBD;WDAY;XEL;ZS
2026-01,AAPL;ABNB;ADBE;ADI;ADP;ADSK;AEP;ALNY;AMAT;AMD;AMGN;AMZN;APP;ARM;ASML;AVGO;AXON;AZN;BKNG;BKR;CCEP;CDNS;CEG;CHTR;CMCSA;COST;CPRT;CRWD;CSCO;CSGP;CSX;CTAS;CTSH;DASH;DDOG;DXCM;EA;EXC;FANG;FAST;FER;FTNT;GEHC;GILD;GOOGL;HON;IDXX;INSM;INTC;INTU;ISRG;KDP;KHC;KLAC;LIN;LRCX;MAR;MCHP;MDLZ;MELI;META;MNST;MPWR;MRVL;MSFT;MSTR;MU;NFLX;NVDA;NXPI;ODFL;ORLY;PANW;PAYX;PCAR;PDD;PEP;PLTR;PYPL;QCOM;REGN;ROP;ROST;SBUX;SHOP;SNPS;STX;TEAM;TMUS;TRI;TSLA;TTWO;TXN;VRSK;VRTX;WBD;WDAY;WDC;XEL;ZS
2026-02,AAPL;ABNB;ADBE;ADI;ADP;ADSK;AEP;ALNY;AMAT;AMD;AMGN;AMZN;APP;ARM;ASML;AVGO;AXON;BKNG;BKR;CCEP;CDNS;CEG;CHTR;CMCSA;COST;CPRT;CRWD;CSCO;CSGP;CSX;CTAS;CTSH;DASH;DDOG;DXCM;EA;EXC;FANG;FAST;FER;FTNT;GEHC;GILD;GOOGL;HON;IDXX;INSM;INTC;INTU;ISRG;KDP;KHC;KLAC;LIN;LRCX;MAR;MCHP;MDLZ;MELI;META;MNST;MPWR;MRVL;MSFT;MSTR;MU;NFLX;NVDA;NXPI;ODFL;ORLY;PANW;PAYX;PCAR;PDD;PEP;PLTR;PYPL;QCOM;REGN;ROP;ROST;SBUX;SHOP;SNPS;STX;TEAM;TMUS;TRI;TSLA;TTWO;TXN;VRSK;VRTX;WBD;WDAY;WDC;WMT;XEL;ZS
2026-03,AAPL;ABNB;ADBE;ADI;ADP;ADSK;AEP;ALNY;AMAT;AMD;AMGN;AMZN;APP;ARM;ASML;AVGO;AXON;BKNG;BKR;CCEP;CDNS;CEG;CHTR;CMCSA;COST;CPRT;CRWD;CSCO;CSGP;CSX;CTAS;CTSH;DASH;DDOG;DXCM;EA;EXC;FANG;FAST;FER;FTNT;GEHC;GILD;GOOGL;HON;IDXX;INSM;INTC;INTU;ISRG;KDP;KHC;KLAC;LIN;LRCX;MAR;MCHP;MDLZ;MELI;META;MNST;MPWR;MRVL;MSFT;MSTR;MU;NFLX;NVDA;NXPI;ODFL;ORLY;PANW;PAYX;PCAR;PDD;PEP;PLTR;PYPL;QCOM;REGN;ROP;ROST;SBUX;SHOP;SNPS;STX;TEAM;TMUS;TRI;TSLA;TTWO;TXN;VRSK;VRTX;WBD;WDAY;WDC;WMT;XEL;ZS
2026-04,AAPL;ABNB;ADBE;ADI;ADP;ADSK;AEP;ALNY;AMAT;AMD;AMGN;AMZN;APP;ARM;ASML;AVGO;AXON;BKNG;BKR;CCEP;CDNS;CEG;CHTR;CMCSA;COST;CPRT;CRWD;CSCO;CSGP;CSX;CTAS;CTSH;DASH;DDOG;DXCM;EA;EXC;FANG;FAST;FER;FTNT;GEHC;GILD;GOOGL;HON;IDXX;INSM;INTC;INTU;ISRG;KDP;KHC;KLAC;LIN;LRCX;MAR;MCHP;MDLZ;MELI;META;MNST;MPWR;MRVL;MSFT;MSTR;MU;NFLX;NVDA;NXPI;ODFL;ORLY;PANW;PAYX;PCAR;PDD;PEP;PLTR;PYPL;QCOM;REGN;ROP;ROST;SBUX;SHOP;SNPS;STX;TEAM;TMUS;TRI;TSLA;TTWO;TXN;VRSK;VRTX;WBD;WDAY;WDC;WMT;XEL;ZS
2026-05,AAPL;ABNB;ADBE;ADI;ADP;ADSK;AEP;ALNY;AMAT;AMD;AMGN;AMZN;APP;ARM;ASML;AVGO;AXON;BKNG;BKR;CCEP;CDNS;CEG;CHTR;CMCSA;COST;CPRT;CRWD;CSCO;CSGP;CSX;CTAS;CTSH;DASH;DDOG;DXCM;EA;EXC;FANG;FAST;FER;FTNT;GEHC;GILD;GOOGL;HON;IDXX;INSM;INTC;INTU;ISRG;KDP;KHC;KLAC;LIN;LRCX;MAR;MCHP;MDLZ;MELI;META;MNST;MPWR;MRVL;MSFT;MSTR;MU;NFLX;NVDA;NXPI;ODFL;ORLY;PANW;PAYX;PCAR;PDD;PEP;PLTR;PYPL;QCOM;REGN;ROP;ROST;SBUX;SHOP;SNDK;SNPS;STX;TMUS;TRI;TSLA;TTWO;TXN;VRSK;VRTX;WBD;WDAY;WDC;WMT;XEL;ZS
2026-06,AAPL;ABNB;ADBE;ADI;ADP;ADSK;AEP;ALNY;AMAT;AMD;AMGN;AMZN;APP;ARM;ASML;AVGO;AXON;BKNG;BKR;CCEP;CDNS;CEG;CHTR;CMCSA;COST;CPRT;CRWD;CSCO;CSX;CTAS;CTSH;DASH;DDOG;DXCM;EA;EXC;FANG;FAST;FER;FTNT;GEHC;GILD;GOOGL;HON;IDXX;INSM;INTC;INTU;ISRG;KDP;KHC;KLAC;LIN;LITE;LRCX;MAR;MCHP;MDLZ;MELI;META;MNST;MPWR;MRVL;MSFT;MSTR;MU;NFLX;NVDA;NXPI;ODFL;ORLY;PANW;PAYX;PCAR;PDD;PEP;PLTR;PYPL;QCOM;REGN;ROP;ROST;SBUX;SHOP;SNDK;SNPS;STX;TMUS;TRI;TSLA;TTWO;TXN;VRSK;VRTX;WBD;WDAY;WDC;WMT;XEL;ZS
2026-07,AAPL;ABNB;ADBE;ADI;ADP;ADSK;AEP;ALAB;ALNY;AMAT;AMD;AMGN;AMZN;APP;ARM;ASML;AVGO;AXON;BKNG;BKR;CCEP;CDNS;CEG;CMCSA;COST;CPRT;CRWD;CRWV;CSCO;CSX;CTAS;DASH;DDOG;DXCM;EA;EXC;FANG;FAST;FER;FTNT;GEHC;GILD;GOOGL;HON;IDXX;INTC;INTU;ISRG;KDP;KHC;KLAC;LIN;LITE;LRCX;MAR;MCHP;MDLZ;MELI;META;MNST;MPWR;MRVL;MSFT;MSTR;MU;NBIS;NFLX;NVDA;NXPI;ODFL;ORLY;PANW;PAYX;PCAR;PDD;PEP;PLTR;PYPL;QCOM;REGN;RKLB;ROP;ROST;SBUX;SHOP;SNDK;SNPS;STX;TER;TMUS;TRI;TSLA;TTWO;TXN;VRTX;WBD;WDAY;WDC;WMT;XEL
2026-08,AAPL;ABNB;ADBE;ADI;ADP;ADSK;AEP;ALAB;ALNY;AMAT;AMD;AMGN;AMZN;APP;ARM;ASML;AVGO;AXON;BKNG;BKR;CCEP;CDNS;CEG;CMCSA;COST;CPRT;CRWD;CRWV;CSCO;CSX;CTAS;DASH;DDOG;DXCM;EA;EXC;FANG;FAST;FER;FTNT;GEHC;GILD;GOOGL;HON;IDXX;INTC;INTU;ISRG;KDP;KHC;KLAC;LIN;LITE;LRCX;MAR;MCHP;MDLZ;MELI;META;MNST;MPWR;MRVL;MSFT;MSTR;MU;NBIS;NFLX;NVDA;NXPI;ODFL;ORLY;PANW;PAYX;PCAR;PDD;PEP;PLTR;PYPL;QCOM;REGN;RKLB;ROP;ROST;SBUX;SHOP;SNDK;SNPS;STX;TER;TMUS;TRI;TSLA;TTWO;TXN;VRTX;WBD;WDAY;WDC;WMT;XEL
