month,holdings
2015-01,AAL;EA;GMCR;AVGO;ILMN;NXPI;MNST;MU;TSLA;MAR;VRTX;LRCX;AAPL;REGN;INTC;AMGN;ALXN;SIAL;META;ORLY
2015-02,AVGO;EA;GMCR;AAL;MAR;MNST;NXPI;LRCX;AAPL;INTC;MU;AMAT;VRTX;SIAL;CELG;ORLY;KLAC;BIDU;REGN;YHOO
2015-03,EA;AVGO;AAPL;MNST;LRCX;CELG;SIAL;NXPI;CHRW;MAR;INTC;VRTX;AAL;DLTR;BIDU;ROST;GILD;REGN;FISV;SBUX
2015-04,MNST;AVGO;EA;CELG;AAPL;VRTX;DLTR;LRCX;MAR;SIAL;ROST;CHTR;GILD;NXPI;CHRW;ORLY;REGN;FISV;COST;SBAC
2015-05,EA;MNST;AVGO;VRTX;NXPI;CTRX;KRFT;CELG;ROST;DLTR;REGN;AAL;BBBY;AAPL;BIIB;AMGN;ORLY;SIAL;CERN;CHTR
2015-06,MNST;VRTX;AVGO;EA;NXPI;REGN;KRFT;ORLY;ROST;MYL;DLTR;SIAL;CELG;BBBY;AAPL;AMGN;SBUX;AKAM;CTRX;AMZN
2015-07,AVGO;REGN;MNST;EA;NXPI;ROST;ORLY;KRFT;TSCO;AAPL;NFLX;MYL;SIAL;DLTR;BBBY;SBUX;CTRX;VRTX;GILD;AMGN
2015-08,BMRN;MNST;EA;AVGO;REGN;ROST;NXPI;NFLX;ORLY;TSCO;DLTR;SBUX;SIAL;VRTX;BBBY;AMZN;MYL;ILMN;FISV;AAPL
2015-09,BMRN;EA;MNST;SWKS;NFLX;WBA;AMZN;REGN;AVGO;ORLY;SBUX;ROST;DLTR;VRTX;NXPI;TSCO;CELG;CTSH;FISV;LBTYA
2015-10,EA;BMRN;NFLX;ORLY;AMZN;SWKS;MNST;WBA;SBUX;AVGO;REGN;CTSH;TSCO;ATVI;DLTR;ROST;FISV;LBTYA;MDLZ;CELG
2015-11,NFLX;AMZN;EA;INCY;ATVI;SBUX;AVGO;SWKS;ORLY;MNST;WBA;NVDA;CTSH;BMRN;NXPI;ROST;FISV;MDLZ;META;VRSK
2015-12,NFLX;AMZN;EA;ATVI;SBUX;INCY;ORLY;NVDA;FISV;GOOGL;REGN;AVGO;META;BMRN;CTSH;BKNG;WBA;CTXS;MNST;TSCO
2016-01,NFLX;CTRP;AMZN;ATVI;NVDA;INCY;SBUX;EXPE;EA;GOOGL;MNST;ORLY;FISV;META;REGN;JD;TMUS;AVGO;ULTA;ADBE
2016-02,CTRP;AMZN;ATVI;NFLX;NVDA;EXPE;GOOGL;AVGO;MSFT;ULTA;SBUX;META;INCY;ORLY;ADBE;NCLH;REGN;JD;TMUS;MDLZ
2016-03,CTRP;AMZN;ATVI;META;NFLX;GOOGL;NVDA;SBUX;ULTA;MSFT;ORLY;TMUS;XLNX;FISV;MDLZ;EA;ADBE;ROST;EXPE;CTXS
2016-04,NFLX;NVDA;MAT;AMZN;CTRP;ATVI;META;GOOGL;NTES;MSFT;SBUX;FISV;ORLY;HSIC;TMUS;ADBE;XLNX;MDLZ;FAST;ISRG
2016-05,NVDA;ATVI;META;AMZN;GOOGL;CTRP;AVGO;FISV;NFLX;ULTA;MAT;HSIC;ORLY;ADBE;ROST;SBUX;ISRG;FAST;CTXS;MSFT
2016-06,NVDA;AMZN;META;ATVI;ULTA;GOOGL;ISRG;MAT;CTXS;ROST;FISV;ORLY;ADBE;HSIC;CHTR;FAST;BKNG;MNST;ADSK;TSCO
2016-07,NVDA;AMZN;ATVI;ULTA;GOOGL;META;MAT;ISRG;AMAT;CHTR;FISV;CTRP;NTES;MSFT;ADBE;HSIC;XRAY;CTXS;TXN;PAYX
2016-08,NVDA;ATVI;ULTA;MAT;NTES;AMAT;AMZN;PAYX;TXN;AVGO;FISV;ISRG;CHTR;MCHP;META;DLTR;HSIC;ADP;INTC;ADBE
2016-09,NVDA;NTES;AMAT;ULTA;TXN;MAT;AMZN;ATVI;META;PAYX;ISRG;MCHP;MSFT;HSIC;CTRP;INTU;CTXS;AVGO;FISV;CHTR
2016-10,NVDA;AMAT;NTES;MAT;NLOK;ADSK;ULTA;AMZN;CTRP;ISRG;MCHP;YHOO;CHTR;LRCX;TXN;AVGO;META;ATVI;MSFT;PAYX
2016-11,NVDA;AMAT;NTES;NLOK;ISRG;AVGO;CHTR;ULTA;AMZN;MCHP;ADSK;NXPI;MAT;ATVI;ROST;ILMN;TXN;META;LRCX;TMUS
2016-12,NVDA;NLOK;AMAT;NTES;ULTA;QCOM;TMUS;CHTR;AVGO;MAT;ISRG;MCHP;LRCX;META;TXN;KHC;YHOO;ROST;AKAM;AMZN
2017-01,NVDA;AMAT;CHTR;NLOK;MCHP;CSX;QCOM;ULTA;TMUS;TXN;ADI;MU;LRCX;PCAR;HAS;CTAS;AKAM;ROST;NTES;CMCSA
2017-02,NVDA;MU;AMAT;CHTR;CSX;ADSK;NLOK;LRCX;QCOM;MCHP;WDC;AKAM;TMUS;STX;INCY;ULTA;TXN;NTES;ADI;BKNG
2017-03,NVDA;MU;CSX;NTES;WDC;AMAT;CHTR;NLOK;TMUS;INCY;ULTA;LRCX;ADSK;MCHP;STX;AVGO;NFLX;AMZN;TXN;ADI
2017-04,NVDA;MU;NTES;CSX;IDXX;INCY;AMAT;WDC;TMUS;CHTR;NLOK;MCHP;STX;ADSK;LRCX;AMZN;EBAY;ADI;ULTA;NFLX
2017-05,NVDA;MU;STX;WDC;NTES;AMAT;NLOK;INCY;IDXX;CSX;LRCX;TMUS;NFLX;AAPL;MCHP;CHTR;AVGO;ADI;SWKS;ATVI
2017-06,NVDA;MU;WDC;STX;CSX;IDXX;NLOK;LRCX;AMAT;CHTR;TMUS;ADSK;SWKS;NTES;MCHP;NFLX;INCY;BKNG;AAPL;AVGO
2017-07,NVDA;MU;CSX;ADSK;MELI;WDC;AMAT;JD;STX;LRCX;IDXX;NFLX;AAL;SWKS;MCHP;MAR;AAPL;INCY;TSLA;AVGO
2017-08,NVDA;MU;CSX;WDC;JD;IDXX;ADSK;MELI;NFLX;LRCX;AMAT;TSLA;NTES;SWKS;AVGO;ADBE;ATVI;PYPL;CHTR;AAL
2017-09,NVDA;WDC;NFLX;JD;CSX;LRCX;MU;MELI;ADSK;INCY;VRTX;PYPL;NCLH;TSLA;CHTR;ATVI;AMAT;NTES;MAR;IDXX
2017-10,NVDA;VRTX;MU;NFLX;LRCX;TSLA;CSX;JD;ADSK;NCLH;MAR;WDC;AMAT;PYPL;CTSH;ATVI;AVGO;AAPL;CHTR;INCY
2017-11,NVDA;MU;ALGN;VRTX;LRCX;AMAT;CSX;TSLA;MAR;WYNN;ISRG;ADSK;MELI;PYPL;WDC;MCHP;EA;ATVI;JD;ILMN
2017-12,ALGN;MU;NVDA;LRCX;PYPL;ATVI;VRTX;AMAT;TSLA;ISRG;ADSK;ADBE;NFLX;AVGO;AAPL;ILMN;MAR;MELI;META;EA
2018-01,ALGN;TTWO;VRTX;MU;PYPL;ISRG;NVDA;WYNN;LRCX;ILMN;MELI;ADBE;CDNS;ATVI;AMAT;AVGO;ASML;CSX;AMZN;WDAY
2018-02,ALGN;TTWO;PYPL;NVDA;VRTX;MU;MELI;WYNN;MAR;LRCX;CDNS;ATVI;ISRG;ADBE;AMAT;MNST;JD;ASML;AMZN;AAPL
2018-03,ALGN;NVDA;TTWO;PYPL;NFLX;MU;VRTX;MELI;ISRG;WYNN;AMZN;MAR;ADBE;ASML;ATVI;MNST;LRCX;JD;MSFT;DLTR
2018-04,ALGN;NVDA;NFLX;TTWO;PYPL;MELI;AMZN;MU;ISRG;ADBE;WDAY;VRTX;MAR;JD;LRCX;AMAT;ASML;WYNN;ATVI;BIDU
2018-05,NVDA;NFLX;MU;ALGN;ADBE;PYPL;AMZN;MELI;TTWO;ASML;WYNN;ISRG;INTC;STX;MAR;WDAY;LRCX;CTAS;MXIM;INTU
2018-06,NFLX;ALGN;AMZN;ADBE;NVDA;MU;WYNN;INTC;CSCO;ISRG;ASML;PYPL;STX;JBHT;CTAS;MSFT;ILMN;BIDU;INTU;VRSK
2018-07,NFLX;ALGN;MU;ADBE;NVDA;AMZN;INTC;ILMN;INTU;PYPL;TTWO;STX;ASML;TXN;WYNN;ISRG;CTAS;MSFT;JBHT;LRCX
2018-08,NFLX;ALGN;MU;STX;AMZN;ADBE;ILMN;ROST;ISRG;INTU;TTWO;NVDA;INTC;PYPL;CSCO;CTAS;MSFT;TXN;JBHT;ORLY
2018-09,ALGN;NFLX;AMZN;STX;MU;ILMN;ADBE;IDXX;ORLY;CTAS;ISRG;ROST;INTU;NVDA;MSFT;CSX;COST;CTXS;INTC;ASML
2018-10,AMZN;ALGN;NFLX;ILMN;ADBE;STX;IDXX;ISRG;NVDA;INTU;ORLY;MSFT;AAPL;CTAS;ROST;CTXS;WDAY;CSCO;PYPL;COST
2018-11,NFLX;AMZN;ILMN;ORLY;ALGN;ROST;ESRX;ADBE;ISRG;INTU;IDXX;CSX;COST;QCOM;CSCO;MELI;VRSK;MSFT;ULTA;NVDA
2018-12,NFLX;ESRX;AMZN;ORLY;IDXX;ADBE;INTU;ILMN;ROST;ISRG;WDAY;AAPL;MSFT;ADP;CSCO;COST;CSX;XLNX;VRSK;ULTA
2019-01,AMD;LULU;WDAY;ILMN;NFLX;ISRG;AMZN;ORLY;UAL;ADBE;XLNX;ADSK;INTU;VRSN;CSX;ULTA;MSFT;IDXX;CSCO;VRSK
2019-02,LULU;AMD;WDAY;ORLY;VRSN;ILMN;UAL;XLNX;INTU;SBUX;ADBE;XEL;ADSK;ISRG;CSX;CTXS;ULTA;VRSK;MSFT;ADP
2019-03,AMD;LULU;XLNX;VRSN;ULTA;WDAY;ORLY;REGN;INTU;UAL;ADSK;XEL;CDNS;ADP;CSX;ISRG;ILMN;SBUX;BMRN;ROST
2019-04,AMD;XLNX;LULU;WDAY;CDNS;ULTA;ORLY;VRSN;INTU;ADP;ISRG;ILMN;CSX;ADSK;PAYX;PYPL;MELI;UAL;REGN;MSFT
2019-05,AMD;XLNX;LULU;CDNS;VRSN;WDAY;ORLY;MELI;INTU;PYPL;ULTA;INCY;ADP;PAYX;AVGO;REGN;SNPS;SBUX;FAST;CHKP
2019-06,AMD;XLNX;LULU;MELI;CDNS;WDAY;QCOM;VRSN;CMCSA;CHTR;ULTA;ORLY;SBUX;ADSK;SNPS;PYPL;FAST;CSCO;DLTR;MSFT
2019-07,MELI;AMD;WDAY;XLNX;SBUX;CDNS;ULTA;VRSN;SNPS;ORLY;LULU;PYPL;FAST;VRSK;PAYX;CHTR;XEL;CMCSA;MSFT;MDLZ
2019-08,MELI;XLNX;WDAY;AMD;SBUX;CDNS;LULU;VRSN;SNPS;ULTA;PYPL;AVGO;VRSK;CSCO;XEL;CHTR;INTU;MSFT;INCY;MDLZ
2019-09,MELI;SBUX;CDNS;XLNX;AVGO;ULTA;VRSN;FISV;SNPS;WDAY;MDLZ;VRSK;XEL;INTU;DLTR;HAS;CHTR;LRCX;CTAS;LULU
2019-10,MELI;SBUX;CDNS;KLAC;SNPS;LRCX;XEL;CTAS;VRSK;XLNX;MDLZ;FISV;INTU;CMCSA;VRSN;AMAT;COST;CHTR;PEP;DLTR
2019-11,KLAC;MELI;LRCX;AMD;AMAT;SBUX;SNPS;CTAS;CDNS;NXPI;ASML;MCHP;WDC;TXN;CELG;LULU;ADI;XEL;EBAY;DLTR
2019-12,LRCX;KLAC;AMD;ASML;LULU;MELI;AMAT;SNPS;JD;CDNS;QCOM;CTAS;CHTR;AAPL;IDXX;NXPI;META;FISV;MSFT;INCY
2020-01,SGEN;AMD;LRCX;MELI;KLAC;CPRT;LULU;CSGP;AMAT;ANSS;ASML;AAPL;CDW;SNPS;CHTR;NVDA;CDNS;NXPI;FISV;JD
2020-02,AMD;QCOM;CPRT;AAPL;LRCX;CDW;ASML;KLAC;SWKS;NVDA;AMAT;MELI;LULU;ANSS;MSFT;CSGP;SGEN;SNPS;NXPI;CHTR
2020-03,TSLA;AMD;AAPL;LRCX;CPRT;QCOM;LULU;ASML;ANSS;NVDA;MSFT;AMAT;CHTR;NTES;KLAC;SGEN;SNPS;MELI;TTWO;CSGP
2020-04,TSLA;AMD;LRCX;SGEN;NVDA;ASML;AMAT;AAPL;CSGP;CHTR;QCOM;CPRT;MSFT;NTES;CTAS;LULU;ANSS;KLAC;TMUS;BIIB
2020-05,DXCM;TSLA;ZM;SGEN;AMD;NVDA;REGN;CTXS;VRTX;BIIB;JD;AAPL;ASML;ATVI;TTWO;MSFT;GILD;ANSS;CSGP;LRCX
2020-06,TSLA;DXCM;NVDA;SGEN;AMD;REGN;ZM;AAPL;JD;KLAC;SWKS;CTXS;ASML;VRTX;LRCX;ATVI;MU;AMGN;MSFT;ANSS
2020-07,TSLA;DOCU;DXCM;SGEN;NVDA;ZM;REGN;JD;AMD;LULU;AAPL;ASML;VRTX;SWKS;NTES;ATVI;CTXS;KLAC;SPLK;LRCX
2020-08,MRNA;TSLA;DOCU;ZM;DXCM;NVDA;SGEN;REGN;JD;NTES;VRTX;AAPL;AMD;ASML;LULU;CTXS;MELI;LRCX;PYPL;ATVI
2020-09,TSLA;MRNA;DOCU;PDD;ZM;NVDA;DXCM;AMD;SGEN;REGN;JD;AAPL;SWKS;MELI;SPLK;NTES;LRCX;PYPL;AMZN;LULU
2020-10,TSLA;ZM;MRNA;DOCU;AMD;NVDA;DXCM;JD;PDD;AAPL;REGN;MELI;AMZN;NFLX;PYPL;LULU;NTES;SPLK;ADBE;SWKS
2020-11,TSLA;ZM;MRNA;DOCU;NVDA;DXCM;JD;AMD;MELI;PYPL;AAPL;REGN;SGEN;PDD;AMZN;ADBE;NFLX;NTES;CDNS;SWKS
2020-12,ZM;TSLA;MRNA;DOCU;PDD;JD;NVDA;MELI;AMD;PYPL;IDXX;AMZN;AAPL;CDNS;ALGN;QCOM;SNPS;NFLX;REGN;SWKS
2021-01,MRNA;ZM;TSLA;PTON;PDD;DOCU;MELI;JD;NVDA;OKTA;AMD;PYPL;TEAM;IDXX;MRVL;ALGN;AMZN;QCOM;MTCH;TMUS
2021-02,TSLA;MRNA;PDD;PTON;ZM;DOCU;MELI;JD;NVDA;ALGN;PYPL;MRVL;OKTA;AMD;MTCH;CDNS;IDXX;QCOM;SNPS;ASML
2021-03,MRNA;TSLA;PTON;PDD;ZM;MELI;DOCU;MRVL;ALGN;JD;PYPL;MTCH;QCOM;OKTA;CDNS;BIDU;ASML;AAPL;NVDA;AMD
2021-04,TSLA;MRNA;PDD;PTON;MELI;ALGN;BIDU;PYPL;AMAT;ZM;DOCU;LRCX;JD;MTCH;MCHP;NXPI;KLAC;ASML;MU;MRVL
2021-05,TSLA;PTON;MRNA;PDD;AMAT;MELI;ALGN;ZM;LRCX;BIDU;ASML;NXPI;KLAC;PYPL;JD;DOCU;MU;MRVL;NVDA;MCHP
2021-06,TSLA;MRNA;ALGN;AMAT;PTON;LRCX;NXPI;PDD;BIDU;ASML;MELI;KLAC;MU;ZM;IDXX;QCOM;MTCH;NVDA;PYPL;MAR
2021-07,TSLA;MRNA;AMAT;ALGN;LRCX;PTON;NXPI;ASML;NVDA;MXIM;IDXX;MAR;GOOGL;KLAC;BIDU;MU;TCOM;SBUX;ALXN;CPRT
2021-08,MRNA;TSLA;AMAT;ALGN;ASML;NVDA;PTON;NXPI;LRCX;BIDU;MU;KLAC;GOOGL;MAR;INTU;MRVL;IDXX;MTCH;MXIM;AVGO
2021-09,MRNA;ALGN;AMAT;ASML;CRWD;LRCX;IDXX;KLAC;MU;TEAM;NXPI;GOOGL;CDW;MRVL;INTU;ADP;PTON;PAYX;NVDA;SBUX
2021-10,MRNA;AMAT;ASML;ALGN;CRWD;TEAM;GOOGL;LRCX;KLAC;INTU;NXPI;MELI;TSLA;IDXX;CDW;NVDA;MU;SNPS;MRVL;MCHP
2021-11,MRNA;AMAT;ASML;TEAM;TSLA;CRWD;INTU;KLAC;DXCM;LRCX;NVDA;GOOGL;MRVL;MAR;ALGN;CSCO;FOXA;CDW;ISRG;EBAY
2021-12,MRNA;TEAM;TSLA;DXCM;NVDA;ASML;CRWD;INTU;GOOGL;AMAT;MSFT;EBAY;KLAC;ISRG;CDNS;MRVL;SNPS;IDXX;CDW;NFLX
2022-01,LCID;MRNA;NVDA;FTNT;DDOG;ZS;AMD;INTU;AMAT;ASML;TSLA;GOOGL;XLNX;TEAM;KLAC;PANW;DXCM;MRVL;MSFT;LRCX
2022-02,FTNT;NVDA;ODFL;INTU;DDOG;MRVL;AMD;LCID;ORLY;TEAM;AMAT;XLNX;COST;ZS;PAYX;PANW;GOOGL;KLAC;ADP;AVGO
2022-03,NVDA;FTNT;EXC;COST;DDOG;MRVL;ORLY;AAPL;PANW;INTU;ODFL;TSLA;PEP;TEAM;AMD;REGN;MSFT;GOOGL;DLTR;PAYX
2022-04,DDOG;FTNT;PANW;NVDA;AMD;COST;TEAM;EXC;MRVL;ZS;AAPL;QCOM;GOOGL;ODFL;REGN;TSLA;AVGO;ORLY;MSFT;SNPS
2022-05,NVDA;DDOG;PANW;FTNT;MRVL;COST;EXC;TSLA;REGN;PAYX;AVGO;DLTR;SNPS;AMD;AAPL;DXCM;ZS;AZN;CDNS;CTAS
2022-06,DLTR;PANW;EXC;COST;TSLA;DDOG;FTNT;REGN;VRTX;PAYX;AAPL;MAR;AVGO;MRVL;AZN;PEP;CDNS;VRSK;AEP;NVDA
2022-07,DLTR;EXC;PANW;VRTX;MAR;AEP;AVGO;FTNT;REGN;COST;PAYX;XEL;SNPS;PEP;KLAC;ADP;AZN;ORLY;CDNS;TSLA
2022-08,DLTR;EXC;VRTX;PANW;AZN;SGEN;AEP;COST;PEP;XEL;SNPS;ORLY;AMGN;FTNT;KHC;AVGO;REGN;KDP;PCAR;ADP
2022-09,DLTR;VRTX;EXC;TSLA;COST;ORLY;MAR;ADP;AZN;PCAR;PEP;PAYX;CDNS;KLAC;AEP;AMGN;SIRI;KDP;AVGO;SNPS
2022-10,VRTX;DLTR;EXC;AEP;ADP;XEL;COST;PEP;AMGN;PANW;SNPS;CDNS;PCAR;ORLY;KDP;TMUS;PAYX;AAPL;MDLZ;CTAS
2022-11,VRTX;DLTR;TMUS;ORLY;AMGN;REGN;AEP;PEP;ADP;MNST;XEL;EXC;KDP;BIIB;GILD;SIRI;KHC;COST;PANW;PCAR
2022-12,VRTX;TMUS;AMGN;ORLY;ATVI;ENPH;BIIB;PCAR;GILD;DLTR;KHC;REGN;PEP;KDP;MNST;AEP;AZN;MAR;MDLZ;ADP
2023-01,ENPH;FANG;VRTX;PDD;AMGN;TMUS;BIIB;GILD;BKR;ORLY;PCAR;AZN;REGN;KHC;AEP;ATVI;PEP;ADP;SIRI;HON
2023-02,ENPH;PDD;GILD;ORLY;TMUS;BIIB;ROST;AZN;AMGN;VRTX;KHC;REGN;ADP;MNST;CTAS;FANG;PCAR;BKR;CSGP;GFS
2023-03,PDD;CEG;GILD;VRTX;BIIB;ENPH;ROST;CSGP;PCAR;MNST;REGN;ORLY;TMUS;SBUX;CDNS;CTAS;MRNA;AMGN;KLAC;SNPS
2023-04,PDD;GILD;CEG;PCAR;BIIB;MNST;SGEN;ROST;ORLY;CDNS;SBUX;ODFL;FISV;ADI;CPRT;VRTX;TMUS;MCHP;SNPS;FANG
2023-05,NFLX;PDD;SGEN;NVDA;GILD;SBUX;ORLY;CDNS;GFS;PCAR;MELI;SNPS;BIIB;CEG;CPRT;MCHP;ENPH;ADI;KLAC;MNST
2023-06,NFLX;DXCM;MELI;BIIB;NVDA;SBUX;SGEN;ORLY;CPRT;CDNS;PDD;PCAR;ISRG;GILD;LULU;ROST;VRTX;CSGP;MNST;IDXX
2023-07,NVDA;NFLX;MELI;AVGO;ON;META;CPRT;DXCM;AMD;CDNS;ASML;ISRG;WDAY;SNPS;ROST;CEG;AMAT;LRCX;BIIB;GFS
2023-08,NVDA;NFLX;META;TTD;AVGO;DXCM;PANW;ISRG;WDAY;MELI;PCAR;CPRT;ON;PDD;CEG;ROST;BKNG;AMAT;ORLY;GILD
2023-09,NVDA;NFLX;META;AVGO;LRCX;AMAT;FTNT;IDXX;BKNG;ISRG;ON;ODFL;ALGN;PCAR;DXCM;KLAC;CPRT;ASML;ADBE;MCHP
2023-10,NVDA;META;AVGO;ADBE;LRCX;BKNG;AMAT;NFLX;ALGN;BKR;ODFL;CPRT;KLAC;AMD;ISRG;MELI;CMCSA;ASML;WDAY;PDD
2023-11,NVDA;META;AVGO;PDD;AMD;SGEN;BKNG;ADBE;AMAT;ALGN;SNPS;LRCX;CDNS;ON;CPRT;ODFL;KLAC;TTD;CMCSA;MELI
2023-12,META;NVDA;SGEN;AVGO;ADBE;CRWD;PANW;CDNS;SNPS;AMZN;TEAM;TTD;NFLX;BKNG;MSFT;MELI;CPRT;AMD;LRCX;WDAY
2024-01,NVDA;META;CRWD;PANW;MDB;TSLA;DASH;MELI;AMD;ADBE;PDD;ZS;SPLK;AMZN;INTC;LRCX;SNPS;CDNS;AVGO;CPRT
2024-02,NVDA;CRWD;META;AMD;AVGO;MDB;PANW;INTC;ZS;DASH;LULU;DDOG;ADBE;SPLK;LRCX;MSFT;WDAY;KLAC;PDD;CDNS
2024-03,NVDA;CRWD;META;AMD;AVGO;MDB;ADBE;DASH;PANW;ZS;NFLX;INTC;LRCX;ISRG;AMZN;CEG;DDOG;MSFT;KLAC;WDAY
2024-04,NVDA;CRWD;META;CEG;ZS;AVGO;AMD;DASH;MDB;DDOG;LRCX;NFLX;KLAC;AMZN;MRVL;AMAT;PDD;PCAR;PANW;COST
2024-05,NVDA;CRWD;CEG;DASH;AVGO;ZS;META;AMD;LRCX;MU;NFLX;AMAT;DDOG;KLAC;MRVL;PCAR;AMZN;PDD;PANW;NXPI
2024-06,NVDA;CEG;DASH;PDD;CRWD;MU;FANG;AVGO;META;PCAR;KLAC;INTU;AMAT;QCOM;LRCX;NXPI;COST;AMZN;ABNB;CDW
2024-07,NVDA;CEG;PDD;CRWD;MU;QCOM;META;FANG;KLAC;AVGO;COST;AMAT;AMD;LRCX;MELI;NFLX;GOOGL;DASH;AMGN;BKNG
2024-08,NVDA;SMCI;CRWD;CEG;MU;AVGO;KLAC;META;AMAT;COST;QCOM;NFLX;LRCX;PDD;AMZN;ASML;FANG;AMD;REGN;CTAS
2024-09,SMCI;NVDA;CEG;AVGO;KLAC;META;QCOM;MU;COST;CTAS;NFLX;ASML;VRTX;CRWD;ISRG;FANG;AMAT;AMD;AMZN;TMUS
2024-10,NVDA;ARM;AVGO;NFLX;CEG;KLAC;META;CTAS;ISRG;CRWD;MELI;COST;DASH;QCOM;SMCI;ASML;PANW;AMD;TMUS;REGN
2024-11,NVDA;ARM;CEG;AVGO;META;DASH;ISRG;SMCI;NFLX;AMD;KLAC;MELI;COST;CTAS;QCOM;CRWD;MU;TTD;AMAT;MRVL
2024-12,APP;NVDA;ARM;CEG;AVGO;META;TTD;DASH;ISRG;NFLX;COST;BKNG;TMUS;CTAS;FTNT;ILMN;MRVL;PYPL;TXN;VRTX
2025-01,APP;MSTR;PLTR;NVDA;AXON;CEG;DASH;NFLX;ARM;TTD;META;FTNT;ISRG;TMUS;MRVL;CTAS;COST;BKNG;AVGO;PYPL
2025-02,APP;MSTR;PLTR;AXON;NVDA;TSLA;AVGO;CEG;ARM;TTD;MRVL;DASH;NFLX;META;BKR;FTNT;BKNG;AMZN;PYPL;TMUS
2025-03,APP;PLTR;MSTR;AXON;TSLA;CEG;AVGO;NFLX;BKR;MRVL;NVDA;DASH;ISRG;TEAM;GOOGL;PYPL;FTNT;TMUS;META;GILD
2025-04,APP;PLTR;AXON;TMUS;TSLA;NFLX;GILD;FTNT;AVGO;MSTR;TEAM;DASH;COST;ISRG;TTWO;AAPL;MELI;BKNG;NVDA;META
2025-05,PLTR;APP;MSTR;GILD;NFLX;AXON;TMUS;FTNT;WBD;TTWO;CHTR;TSLA;DASH;ORLY;BKR;VRSK;XEL;BKNG;META;CSCO
2025-06,PLTR;APP;MSTR;AXON;NFLX;DASH;FTNT;GILD;SHOP;TSLA;ORLY;AVGO;TEAM;TTWO;TMUS;CRWD;CHTR;BKNG;ADSK;MELI
2025-07,PLTR;APP;MSTR;AXON;DASH;NFLX;TSLA;FTNT;GILD;SHOP;MELI;CEG;AVGO;TTWO;ZS;BKNG;TMUS;ADP;PAYX;CSCO
2025-08,PLTR;APP;AXON;MSTR;DASH;CRWD;NFLX;SHOP;FTNT;ZS;AVGO;CEG;TTWO;BKNG;MELI;META;GILD;CSCO;TSLA;NVDA
2025-09,PLTR;APP;MSTR;AXON;DASH;AVGO;CEG;WBD;NFLX;SHOP;CRWD;NVDA;META;GILD;TSLA;ZS;BKNG;CSCO;FAST;TTWO
2025-10,PLTR;APP;MSTR;AXON;SHOP;AVGO;DASH;NFLX;ZS;TTWO;CRWD;NVDA;FAST;WBD;GILD;ORLY;BKNG;CSCO;META;CDNS
2025-11,PLTR;APP;WBD;AVGO;SHOP;LRCX;TSLA;DASH;AXON;MU;ZS;CRWD;KLAC;TTWO;NFLX;IDXX;INTC;ASML;GOOGL;NVDA
2025-12,PLTR;AVGO;MU;LRCX;WBD;APP;KLAC;AMD;GOOGL;INTC;ZS;CRWD;ASML;SHOP;IDXX;CEG;NVDA;DASH;PDD;TTWO
2026-01,WDC;STX;INSM;MU;WBD;PLTR;LRCX;INTC;ALNY;KLAC;APP;IDXX;AMD;AVGO;GOOGL;CEG;FER;MPWR;AMAT;ASML
2026-02,WDC;MU;STX;WBD;INSM;PLTR;LRCX;INTC;AMD;APP;EA;KLAC;IDXX;AVGO;MNST;NVDA;GOOGL;FER;ASML;ALNY
2026-03,WDC;MU;STX;LRCX;WBD;AMD;AMAT;KLAC;ASML;GOOGL;INTC;INSM;MPWR;PLTR;AVGO;EA;FER;IDXX;NVDA;MNST
2026-04,WDC;STX;MU;LRCX;WBD;AMAT;KLAC;ASML;GOOGL;INTC;MPWR;INSM;AMD;AVGO;ADI;FER;CEG;APP;NVDA;PLTR
2026-05,SNDK;WDC;MU;STX;WBD;LRCX;AMAT;INSM;INTC;KLAC;AMD;ASML;MPWR;GOOGL;BKR;MRVL;ADI;AVGO;NVDA;ROST
2026-06,SNDK;LITE;WDC;STX;MU;INTC;LRCX;AMD;MRVL;WBD;AMAT;MPWR;KLAC;GOOGL;ASML;INSM;ADI;BKR;AVGO;ARM
2026-07,SNDK;LITE;WDC;MU;STX;INTC;NBIS;TER;RKLB;ALAB;AMD;LRCX;MRVL;AMAT;WBD;ARM;GOOGL;KLAC;MPWR;ASML
2026-08,SNDK;MU;WDC;LITE;INTC;STX;NBIS;LRCX;TER;AMAT;MRVL;ALAB;KLAC;AMD;ASML;ARM;RKLB;WBD;PANW;MPWR
